symbol,baseCurrency,quoteCurrency,status,displayName,fxStablecoin,maxSlippagePercentage,postOnly,limitOnly,cancelOnly,tradingDisabled,statusMessage,auctionMode,exchange,type,trading_type
DOT-USD,DOT,USD,online,DOT-USD,False,0.03000000,False,False,False,False,,False,coinbase,spot,现货
ALGO-BTC,ALGO,BTC,online,ALGO-BTC,False,0.03000000,False,False,False,False,,False,coinbase,spot,现货
METIS-USD,METIS,USD,online,METIS-USD,False,0.03000000,False,False,False,False,,False,coinbase,spot,现货
VOXEL-USD,VOXEL,USD,online,VOXEL-USD,False,0.03000000,False,False,False,False,,False,coinbase,spot,现货
GTC-USD,GTC,USD,online,GTC-USD,False,0.05000000,False,False,False,False,,False,coinbase,spot,现货
BTC-USDT,BTC,USDT,online,BTC-USDT,False,0.03000000,False,False,False,False,,False,coinbase,spot,现货
WIF-USD,WIF,USD,online,WIF/USD,False,0.03000000,False,False,False,False,,False,coinbase,spot,现货
FORTH-USD,FORTH,USD,online,FORTH-USD,False,0.03000000,False,False,False,False,,False,coinbase,spot,现货
ADA-USD,ADA,USD,online,ADA-USD,False,0.03000000,False,False,False,False,,False,coinbase,spot,现货
RAD-USD,RAD,USD,online,RAD-USD,False,0.03000000,False,False,False,False,,False,coinbase,spot,现货
BOBA-USD,BOBA,USD,online,BOBA-USD,False,0.03000000,False,False,False,False,,False,coinbase,spot,现货
CHZ-USD,CHZ,USD,online,CHZ-USD,False,0.03000000,False,False,False,False,,False,coinbase,spot,现货
PUMP-USD,PUMP,USD,online,PUMP/USD,False,0.03000000,False,False,False,False,,False,coinbase,spot,现货
G-USD,G,USD,online,G/USD,False,0.03000000,False,False,False,False,,False,coinbase,spot,现货
JTO-USD,JTO,USD,online,JTO-USD,False,0.03000000,False,False,False,False,,False,coinbase,spot,现货
EGLD-USD,EGLD,USD,online,EGLD-USD,False,0.03000000,False,False,False,False,,False,coinbase,spot,现货
TOSHI-USD,TOSHI,USD,online,TOSHI/USD,False,0.03000000,False,False,False,False,,False,coinbase,spot,现货
JASMY-USD,JASMY,USD,online,JASMY-USD,False,0.03000000,False,False,False,False,,False,coinbase,spot,现货
MASK-USDT,MASK,USDT,online,MASK-USDT,False,0.05000000,False,False,False,False,,False,coinbase,spot,现货
ERN-USD,ERN,USD,online,ERN-USD,False,0.03000000,False,False,False,False,,False,coinbase,spot,现货
APE-USDT,APE,USDT,online,APE-USDT,False,0.03000000,False,False,False,False,,False,coinbase,spot,现货
AXS-BTC,AXS,BTC,online,AXS-BTC,False,0.03000000,False,False,False,False,,False,coinbase,spot,现货
POND-USD,POND,USD,online,POND-USD,False,0.03000000,False,False,False,False,,False,coinbase,spot,现货
CBETH-USD,CBETH,USD,online,cbETH-USD,False,0.03000000,False,False,False,False,,False,coinbase,spot,现货
BTC-USD,BTC,USD,online,BTC-USD,False,0.02000000,False,False,False,False,,False,coinbase,spot,现货
GRT-BTC,GRT,BTC,online,GRT-BTC,False,0.03000000,False,False,False,False,,False,coinbase,spot,现货
LINK-ETH,LINK,ETH,online,LINK-ETH,False,0.03000000,False,False,False,False,,False,coinbase,spot,现货
LQTY-USD,LQTY,USD,online,LQTY-USD,False,0.03000000,False,False,False,False,,False,coinbase,spot,现货
FAI-USD,FAI,USD,online,FAI/USD,False,0.03000000,False,False,False,False,,False,coinbase,spot,现货
FET-USDT,FET,USDT,online,FET-USDT,False,0.03000000,False,False,False,False,,False,coinbase,spot,现货
BTC-GBP,BTC,GBP,online,BTC-GBP,False,0.03000000,False,False,False,False,,False,coinbase,spot,现货
SHIB-USDT,SHIB,USDT,online,SHIB-USDT,False,0.03000000,False,False,False,False,,False,coinbase,spot,现货
JITOSOL-USD,JITOSOL,USD,online,JITOSOL/USD,False,0.03000000,False,True,False,False,,False,coinbase,spot,现货
ICP-USDT,ICP,USDT,online,ICP-USDT,False,0.03000000,False,False,False,False,,False,coinbase,spot,现货
CTSI-USD,CTSI,USD,online,CTSI-USD,False,0.03000000,False,False,False,False,,False,coinbase,spot,现货
ETH-EUR,ETH,EUR,online,ETH-EUR,False,0.03000000,False,False,False,False,,False,coinbase,spot,现货
YFI-USD,YFI,USD,online,YFI-USD,False,0.03000000,False,False,False,False,,False,coinbase,spot,现货
GST-USD,GST,USD,online,GST-USD,False,0.03000000,False,False,False,False,,False,coinbase,spot,现货
SXT-USD,SXT,USD,online,SXT/USD,False,0.03000000,False,False,False,False,,False,coinbase,spot,现货
ZRO-USD,ZRO,USD,online,ZRO/USD,False,0.03000000,False,False,False,False,,False,coinbase,spot,现货
BNKR-USD,BNKR,USD,online,BNKR/USD,False,0.03000000,False,False,False,False,,False,coinbase,spot,现货
ALCX-USD,ALCX,USD,online,ALCX-USD,False,0.03000000,False,False,False,False,,False,coinbase,spot,现货
INDEX-USD,INDEX,USD,online,INDEX-USD,False,0.03000000,False,False,False,False,,False,coinbase,spot,现货
BIO-USD,BIO,USD,online,BIO/USD,False,0.03000000,False,False,False,False,,False,coinbase,spot,现货
USDS-USD,USDS,USD,online,USDS/USD,True,0.01000000,False,True,False,False,,False,coinbase,spot,现货
ABT-USD,ABT,USD,online,ABT-USD,False,0.03000000,False,False,False,False,,False,coinbase,spot,现货
OP-USD,OP,USD,online,OP-USD,False,0.03000000,False,False,False,False,,False,coinbase,spot,现货
SUI-USD,SUI,USD,online,SUI-USD,False,0.03000000,False,False,False,False,,False,coinbase,spot,现货
ALGO-GBP,ALGO,GBP,online,ALGO-GBP,False,0.03000000,False,False,False,False,,False,coinbase,spot,现货
ADA-ETH,ADA,ETH,online,ADA-ETH,False,0.03000000,False,False,False,False,,False,coinbase,spot,现货
SNX-BTC,SNX,BTC,online,SNX-BTC,False,0.03000000,False,True,False,False,,False,coinbase,spot,现货
DOGINME-USD,DOGINME,USD,online,DOGINME/USD,False,0.03000000,False,False,False,False,,False,coinbase,spot,现货
PYTH-USD,PYTH,USD,online,PYTH/USD,False,0.03000000,False,False,False,False,,False,coinbase,spot,现货
T-USD,T,USD,online,T-USD,False,0.03000000,False,False,False,False,,False,coinbase,spot,现货
DAI-USD,DAI,USD,online,DAI-USD,True,0.01000000,False,False,False,False,,False,coinbase,spot,现货
APE-EUR,APE,EUR,online,APE-EUR,False,0.03000000,False,False,False,False,,False,coinbase,spot,现货
CVC-USD,CVC,USD,online,CVC-USD,False,0.03000000,False,False,False,False,,False,coinbase,spot,现货
XTZ-GBP,XTZ,GBP,online,XTZ-GBP,False,0.03000000,False,False,False,False,,False,coinbase,spot,现货
NCT-USD,NCT,USD,online,NCT-USD,False,0.03000000,False,False,False,False,,False,coinbase,spot,现货
FLOW-USDT,FLOW,USDT,online,FLOW-USDT,False,0.03000000,False,False,False,False,,False,coinbase,spot,现货
ATOM-USD,ATOM,USD,online,ATOM-USD,False,0.03000000,False,False,False,False,,False,coinbase,spot,现货
AXS-EUR,AXS,EUR,online,AXS-EUR,False,0.03000000,False,False,False,False,,False,coinbase,spot,现货
INJ-USD,INJ,USD,online,INJ-USD,False,0.03000000,False,False,False,False,,False,coinbase,spot,现货
XYO-USD,XYO,USD,online,XYO-USD,False,0.03000000,False,False,False,False,,False,coinbase,spot,现货
OP-USDT,OP,USDT,online,OP-USDT,False,0.03000000,False,False,False,False,,False,coinbase,spot,现货
SOL-ETH,SOL,ETH,online,SOL-ETH,False,0.03000000,False,False,False,False,,False,coinbase,spot,现货
APT-USDT,APT,USDT,online,APT-USDT,False,0.03000000,False,False,False,False,,False,coinbase,spot,现货
OCEAN-USD,OCEAN,USD,online,OCEAN-USD,False,0.03000000,False,False,False,False,,False,coinbase,spot,现货
ANKR-EUR,ANKR,EUR,online,ANKR-EUR,False,0.03000000,False,False,False,False,,False,coinbase,spot,现货
AGLD-USD,AGLD,USD,online,AGLD-USD,False,0.03000000,False,False,False,False,,False,coinbase,spot,现货
FARM-USD,FARM,USD,online,FARM-USD,False,0.03000000,False,False,False,False,,False,coinbase,spot,现货
ENA-USD,ENA,USD,online,ENA/USD,False,0.03000000,False,False,False,False,,False,coinbase,spot,现货
RED-USD,RED,USD,online,RED/USD,False,0.03000000,False,False,False,False,,False,coinbase,spot,现货
XRP-USDT,XRP,USDT,online,XRP-USDT,False,0.05000000,False,False,False,False,,False,coinbase,spot,现货
SUKU-USD,SUKU,USD,online,SUKU-USD,False,0.03000000,False,False,False,False,,False,coinbase,spot,现货
ICP-GBP,ICP,GBP,online,ICP-GBP,False,0.03000000,False,False,False,False,,False,coinbase,spot,现货
XCN-USD,XCN,USD,online,XCN-USD,False,0.03000000,False,False,False,False,,False,coinbase,spot,现货
DOT-EUR,DOT,EUR,online,DOT-EUR,False,0.03000000,False,False,False,False,,False,coinbase,spot,现货
EOS-USD,EOS,USD,online,EOS-USD,False,0.03000000,False,False,False,False,,False,coinbase,spot,现货
RONIN-USD,RONIN,USD,online,RONIN/USD,False,0.03000000,False,False,False,False,,False,coinbase,spot,现货
GRT-GBP,GRT,GBP,online,GRT-GBP,False,0.03000000,False,False,False,False,,False,coinbase,spot,现货
SOL-USD,SOL,USD,online,SOL-USD,False,0.03000000,False,False,False,False,,False,coinbase,spot,现货
DOT-GBP,DOT,GBP,online,DOT-GBP,False,0.03000000,False,False,False,False,,False,coinbase,spot,现货
FARTCOIN-USD,FARTCOIN,USD,online,FARTCOIN/USD,False,0.03000000,False,False,False,False,,False,coinbase,spot,现货
MANTLE-USD,MANTLE,USD,online,MANTLE/USD,False,0.03000000,False,False,False,False,,False,coinbase,spot,现货
INV-USD,INV,USD,online,INV-USD,False,0.05000000,False,True,False,False,,False,coinbase,spot,现货
ETH-USDT,ETH,USDT,online,ETH-USDT,False,0.03000000,False,False,False,False,,False,coinbase,spot,现货
CLV-USD,CLV,USD,online,CLV-USD,False,0.03000000,False,False,False,False,,False,coinbase,spot,现货
PNUT-USD,PNUT,USD,online,PNUT/USD,False,0.03000000,False,False,False,False,,False,coinbase,spot,现货
ALGO-USD,ALGO,USD,online,ALGO-USD,False,0.03000000,False,False,False,False,,False,coinbase,spot,现货
ICP-USD,ICP,USD,online,ICP-USD,False,0.03000000,False,False,False,False,,False,coinbase,spot,现货
KAVA-USD,KAVA,USD,online,KAVA-USD,False,0.03000000,False,False,False,False,,False,coinbase,spot,现货
ME-USD,ME,USD,online,ME/USD,False,0.03000000,False,False,False,False,,False,coinbase,spot,现货
TAO-USD,TAO,USD,online,TAO/USD,False,0.03000000,False,True,False,False,,False,coinbase,spot,现货
BTRST-USD,BTRST,USD,online,BTRST-USD,False,0.03000000,False,False,False,False,,False,coinbase,spot,现货
LSETH-ETH,LSETH,ETH,online,LSETH-ETH,True,0.01000000,False,True,False,False,,False,coinbase,spot,现货
BAT-USD,BAT,USD,online,BAT-USD,False,0.03000000,False,False,False,False,,False,coinbase,spot,现货
REQ-USD,REQ,USD,online,REQ-USD,False,0.03000000,False,False,False,False,,False,coinbase,spot,现货
GODS-USD,GODS,USD,online,GODS-USD,False,0.03000000,False,False,False,False,,False,coinbase,spot,现货
ATH-USD,ATH,USD,online,ATH/USD,False,0.03000000,False,False,False,False,,False,coinbase,spot,现货
HBAR-USDT,HBAR,USDT,online,HBAR-USDT,False,0.03000000,False,False,False,False,,False,coinbase,spot,现货
ALGO-EUR,ALGO,EUR,online,ALGO-EUR,False,0.03000000,False,False,False,False,,False,coinbase,spot,现货
STG-USD,STG,USD,online,STG-USD,False,0.03000000,False,False,False,False,,False,coinbase,spot,现货
CHZ-USDT,CHZ,USDT,online,CHZ-USDT,False,0.03000000,False,False,False,False,,False,coinbase,spot,现货
HOME-USD,HOME,USD,online,HOME/USD,False,0.03000000,False,False,False,False,,False,coinbase,spot,现货
BLUR-USD,BLUR,USD,online,BLUR-USD,False,0.03000000,False,False,False,False,,False,coinbase,spot,现货
TIME-USD,TIME,USD,online,TIME-USD,False,0.05000000,False,True,False,False,,False,coinbase,spot,现货
CGLD-USD,CGLD,USD,online,CGLD-USD,False,0.03000000,False,False,False,False,,False,coinbase,spot,现货
BAT-BTC,BAT,BTC,online,BAT-BTC,False,0.03000000,False,False,False,False,,False,coinbase,spot,现货
MATIC-BTC,MATIC,BTC,online,MATIC-BTC,False,0.03000000,False,False,False,False,,False,coinbase,spot,现货
MANA-ETH,MANA,ETH,online,MANA-ETH,False,0.03000000,False,False,False,False,,False,coinbase,spot,现货
DRIFT-USD,DRIFT,USD,online,DRIFT/USD,False,0.03000000,False,False,False,False,,False,coinbase,spot,现货
MASK-GBP,MASK,GBP,online,MASK-GBP,False,0.05000000,False,False,False,False,,False,coinbase,spot,现货
AERGO-USD,AERGO,USD,online,AERGO-USD,False,0.03000000,False,False,False,False,,False,coinbase,spot,现货
SPELL-USD,SPELL,USD,online,SPELL-USD,False,0.03000000,False,False,False,False,,False,coinbase,spot,现货
NEAR-USD,NEAR,USD,online,NEAR-USD,False,0.03000000,False,False,False,False,,False,coinbase,spot,现货
ARKM-USD,ARKM,USD,online,ARKM/USD,False,0.03000000,False,False,False,False,,False,coinbase,spot,现货
IP-USD,IP,USD,online,IP/USD,False,0.03000000,False,False,False,False,,False,coinbase,spot,现货
CRV-GBP,CRV,GBP,online,CRV-GBP,False,0.03000000,False,False,False,False,,False,coinbase,spot,现货
B3-USD,B3,USD,online,B3/USD,False,0.03000000,False,False,False,False,,False,coinbase,spot,现货
LCX-USD,LCX,USD,online,LCX-USD,False,0.03000000,False,False,False,False,,False,coinbase,spot,现货
SPK-USD,SPK,USD,online,SPK/USD,False,0.03000000,False,False,False,False,,False,coinbase,spot,现货
MSOL-USD,MSOL,USD,online,MSOL-USD,False,0.03000000,False,False,False,False,,False,coinbase,spot,现货
DNT-USD,DNT,USD,online,DNT-USD,False,0.05000000,False,False,False,False,,False,coinbase,spot,现货
VARA-USD,VARA,USD,online,VARA-USD,False,0.03000000,False,False,False,False,,False,coinbase,spot,现货
SD-USD,SD,USD,online,SD/USD,False,0.03000000,False,False,False,False,,False,coinbase,spot,现货
XLM-USD,XLM,USD,online,XLM-USD,False,0.03000000,False,False,False,False,,False,coinbase,spot,现货
ONDO-USD,ONDO,USD,online,ONDO-USD,False,0.03000000,False,False,False,False,,False,coinbase,spot,现货
EOS-EUR,EOS,EUR,online,EOS-EUR,False,0.03000000,False,False,False,False,,False,coinbase,spot,现货
VTHO-USD,VTHO,USD,online,VTHO-USD,False,0.03000000,False,False,False,False,,False,coinbase,spot,现货
ZEN-USD,ZEN,USD,online,ZEN-USD,False,0.03000000,False,False,False,False,,False,coinbase,spot,现货
STX-USD,STX,USD,online,STX-USD,False,0.03000000,False,False,False,False,,False,coinbase,spot,现货
SNX-USD,SNX,USD,online,SNX-USD,False,0.03000000,False,False,False,False,,False,coinbase,spot,现货
STRK-USD,STRK,USD,online,STRK/USD,False,0.03000000,False,False,False,False,,False,coinbase,spot,现货
KARRAT-USD,KARRAT,USD,online,KARRAT/USD,False,0.03000000,False,False,False,False,,False,coinbase,spot,现货
RARI-USD,RARI,USD,online,RARI-USD,False,0.03000000,False,False,False,False,,False,coinbase,spot,现货
REZ-USD,REZ,USD,online,REZ/USD,False,0.03000000,False,False,False,False,,False,coinbase,spot,现货
KRL-USD,KRL,USD,online,KRL-USD,False,0.05000000,False,False,False,False,,False,coinbase,spot,现货
CAKE-USD,CAKE,USD,online,CAKE/USD,False,0.03000000,False,False,False,False,,False,coinbase,spot,现货
CRV-BTC,CRV,BTC,online,CRV-BTC,False,0.03000000,False,False,False,False,,False,coinbase,spot,现货
MANA-EUR,MANA,EUR,online,MANA-EUR,False,0.03000000,False,False,False,False,,False,coinbase,spot,现货
PRIME-USD,PRIME,USD,online,PRIME-USD,False,0.03000000,False,False,False,False,,False,coinbase,spot,现货
LA-USD,LA,USD,online,LA/USD,False,0.03000000,False,False,False,False,,False,coinbase,spot,现货
MATIC-USDT,MATIC,USDT,online,MATIC-USDT,False,0.03000000,False,False,False,False,,False,coinbase,spot,现货
BLZ-USD,BLZ,USD,online,BLZ-USD,False,0.03000000,False,False,False,False,,False,coinbase,spot,现货
CHZ-GBP,CHZ,GBP,online,CHZ-GBP,False,0.03000000,False,False,False,False,,False,coinbase,spot,现货
RPL-USD,RPL,USD,online,RPL-USD,False,0.05000000,False,False,False,False,,False,coinbase,spot,现货
SHIB-USD,SHIB,USD,online,SHIB-USD,False,0.03000000,False,False,False,False,,False,coinbase,spot,现货
OGN-USD,OGN,USD,online,OGN-USD,False,0.03000000,False,False,False,False,,False,coinbase,spot,现货
ILV-USD,ILV,USD,online,ILV-USD,False,0.03000000,False,False,False,False,,False,coinbase,spot,现货
ETC-BTC,ETC,BTC,online,ETC-BTC,False,0.03000000,False,False,False,False,,False,coinbase,spot,现货
PEPE-USD,PEPE,USD,online,PEPE/USD,False,0.03000000,False,False,False,False,,False,coinbase,spot,现货
GRT-USD,GRT,USD,online,GRT-USD,False,0.03000000,False,False,False,False,,False,coinbase,spot,现货
COW-USD,COW,USD,online,COW/USD,False,0.03000000,False,False,False,False,,False,coinbase,spot,现货
ENS-USD,ENS,USD,online,ENS-USD,False,0.03000000,False,False,False,False,,False,coinbase,spot,现货
ALEPH-USD,ALEPH,USD,online,ALEPH-USD,False,0.03000000,False,False,False,False,,False,coinbase,spot,现货
AAVE-BTC,AAVE,BTC,online,AAVE-BTC,False,0.03000000,False,False,False,False,,False,coinbase,spot,现货
SEAM-USD,SEAM,USD,online,SEAM-USD,False,0.03000000,False,False,False,False,,False,coinbase,spot,现货
HNT-USD,HNT,USD,online,HNT-USD,False,0.03000000,False,False,False,False,,False,coinbase,spot,现货
TIA-USD,TIA,USD,online,TIA-USD,False,0.03000000,False,False,False,False,,False,coinbase,spot,现货
ZRX-USD,ZRX,USD,online,ZRX-USD,False,0.03000000,False,False,False,False,,False,coinbase,spot,现货
CGLD-EUR,CGLD,EUR,online,CGLD-EUR,False,0.03000000,False,False,False,False,,False,coinbase,spot,现货
AUCTION-USD,AUCTION,USD,online,AUCTION-USD,False,0.03000000,False,False,False,False,,False,coinbase,spot,现货
XTZ-EUR,XTZ,EUR,online,XTZ-EUR,False,0.03000000,False,False,False,False,,False,coinbase,spot,现货
FIDA-USD,FIDA,USD,online,FIDA-USD,False,0.03000000,False,False,False,False,,False,coinbase,spot,现货
XLM-BTC,XLM,BTC,online,XLM-BTC,False,0.03000000,False,False,False,False,,False,coinbase,spot,现货
DASH-BTC,DASH,BTC,online,DASH-BTC,False,0.03000000,False,False,False,False,,False,coinbase,spot,现货
PRCL-USD,PRCL,USD,online,PRCL/USD,False,0.03000000,False,False,False,False,,False,coinbase,spot,现货
BAND-USD,BAND,USD,online,BAND-USD,False,0.03000000,False,False,False,False,,False,coinbase,spot,现货
CRO-USD,CRO,USD,online,CRO-USD,False,0.03000000,False,False,False,False,,False,coinbase,spot,现货
PLU-USD,PLU,USD,online,PLU-USD,False,0.03000000,False,False,False,False,,False,coinbase,spot,现货
NKN-USD,NKN,USD,online,NKN-USD,False,0.03000000,False,False,False,False,,False,coinbase,spot,现货
LRC-USD,LRC,USD,online,LRC-USD,False,0.03000000,False,False,False,False,,False,coinbase,spot,现货
AURORA-USD,AURORA,USD,online,AURORA-USD,False,0.03000000,False,False,False,False,,False,coinbase,spot,现货
TRUMP-USD,TRUMP,USD,online,TRUMP/USD,False,0.03000000,False,False,False,False,,False,coinbase,spot,现货
ADA-USDT,ADA,USDT,online,ADA-USDT,False,0.03000000,False,False,False,False,,False,coinbase,spot,现货
ANKR-USD,ANKR,USD,online,ANKR-USD,False,0.03000000,False,False,False,False,,False,coinbase,spot,现货
LTC-GBP,LTC,GBP,online,LTC-GBP,False,0.03000000,False,False,False,False,,False,coinbase,spot,现货
DOGE-BTC,DOGE,BTC,online,DOGE-BTC,False,0.03000000,False,False,False,False,,False,coinbase,spot,现货
MDT-USD,MDT,USD,online,MDT-USD,False,0.03000000,False,False,False,False,,False,coinbase,spot,现货
ACX-USD,ACX,USD,online,ACX/USD,False,0.03000000,False,False,False,False,,False,coinbase,spot,现货
BAL-USD,BAL,USD,online,BAL-USD,False,0.03000000,False,False,False,False,,False,coinbase,spot,现货
QNT-USDT,QNT,USDT,online,QNT-USDT,False,0.03000000,False,False,False,False,,False,coinbase,spot,现货
GMT-USD,GMT,USD,online,GMT-USD,False,0.03000000,False,False,False,False,,False,coinbase,spot,现货
CLANKER-USD,CLANKER,USD,online,CLANKER/USD,False,0.03000000,False,False,False,False,,False,coinbase,spot,现货
LINK-USD,LINK,USD,online,LINK-USD,False,0.03000000,False,False,False,False,,False,coinbase,spot,现货
ICP-BTC,ICP,BTC,online,ICP-BTC,False,0.03000000,False,False,False,False,,False,coinbase,spot,现货
ELA-USD,ELA,USD,online,ELA-USD,False,0.03000000,False,False,False,False,,False,coinbase,spot,现货
KEYCAT-USD,KEYCAT,USD,online,KEYCAT/USD,False,0.03000000,False,False,False,False,,False,coinbase,spot,现货
BIGTIME-USD,BIGTIME,USD,online,BIGTIME-USD,False,0.03000000,False,False,False,False,,False,coinbase,spot,现货
COMP-USD,COMP,USD,online,COMP-USD,False,0.03000000,False,False,False,False,,False,coinbase,spot,现货
ALT-USD,ALT,USD,online,ALT/USD,False,0.03000000,False,False,False,False,,False,coinbase,spot,现货
UNI-GBP,UNI,GBP,online,UNI-GBP,False,0.03000000,False,False,False,False,,False,coinbase,spot,现货
ACH-USD,ACH,USD,online,ACH-USD,False,0.03000000,False,False,False,False,,False,coinbase,spot,现货
PAX-USD,PAX,USD,online,PAX-USD,True,0.01000000,False,True,False,False,,False,coinbase,spot,现货
AVAX-BTC,AVAX,BTC,online,AVAX-BTC,False,0.03000000,False,False,False,False,,False,coinbase,spot,现货
LINK-BTC,LINK,BTC,online,LINK-BTC,False,0.03000000,False,False,False,False,,False,coinbase,spot,现货
HOPR-USD,HOPR,USD,online,HOPR-USD,False,0.03000000,False,False,False,False,,False,coinbase,spot,现货
AVAX-EUR,AVAX,EUR,online,AVAX-EUR,False,0.03000000,False,False,False,False,,False,coinbase,spot,现货
ADA-GBP,ADA,GBP,online,ADA-GBP,False,0.03000000,False,False,False,False,,False,coinbase,spot,现货
HBAR-USD,HBAR,USD,online,HBAR-USD,False,0.03000000,False,False,False,False,,False,coinbase,spot,现货
VELO-USD,VELO,USD,online,VELO-USD,False,0.03000000,False,False,False,False,,False,coinbase,spot,现货
NEAR-USDT,NEAR,USDT,online,NEAR-USDT,False,0.03000000,False,False,False,False,,False,coinbase,spot,现货
POL-USD,POL,USD,online,POL/USD,False,0.03000000,False,False,False,False,,False,coinbase,spot,现货
MAGIC-USD,MAGIC,USD,online,MAGIC-USD,False,0.03000000,False,False,False,False,,False,coinbase,spot,现货
UNI-BTC,UNI,BTC,online,UNI-BTC,False,0.03000000,False,False,False,False,,False,coinbase,spot,现货
IOTX-USD,IOTX,USD,online,IOTX-USD,False,0.03000000,False,False,False,False,,False,coinbase,spot,现货
LPT-USD,LPT,USD,online,LPT-USD,False,0.03000000,False,False,False,False,,False,coinbase,spot,现货
PAXG-USD,PAXG,USD,online,PAXG-USD,False,0.03000000,False,True,False,False,,False,coinbase,spot,现货
ORCA-USD,ORCA,USD,online,ORCA-USD,False,0.03000000,False,False,False,False,,False,coinbase,spot,现货
CRV-USD,CRV,USD,online,CRV-USD,False,0.03000000,False,False,False,False,,False,coinbase,spot,现货
QNT-USD,QNT,USD,online,QNT-USD,False,0.03000000,False,False,False,False,,False,coinbase,spot,现货
ADA-BTC,ADA,BTC,online,ADA-BTC,False,0.03000000,False,False,False,False,,False,coinbase,spot,现货
TNSR-USD,TNSR,USD,online,TNSR/USD,False,0.03000000,False,False,False,False,,False,coinbase,spot,现货
ALEO-USD,ALEO,USD,online,ALEO/USD,False,0.03000000,False,False,False,False,,False,coinbase,spot,现货
DOGE-GBP,DOGE,GBP,online,DOGE-GBP,False,0.03000000,False,False,False,False,,False,coinbase,spot,现货
KAITO-USD,KAITO,USD,online,KAITO/USD,False,0.03000000,False,False,False,False,,False,coinbase,spot,现货
DEXT-USD,DEXT,USD,online,DEXT-USD,False,0.05000000,False,False,False,False,,False,coinbase,spot,现货
ADA-EUR,ADA,EUR,online,ADA-EUR,False,0.03000000,False,False,False,False,,False,coinbase,spot,现货
ENS-EUR,ENS,EUR,online,ENS-EUR,False,0.03000000,False,False,False,False,,False,coinbase,spot,现货
FLOW-USD,FLOW,USD,online,FLOW-USD,False,0.03000000,False,False,False,False,,False,coinbase,spot,现货
SWELL-USD,SWELL,USD,online,SWELL/USD,False,0.03000000,False,False,False,False,,False,coinbase,spot,现货
SYRUP-USD,SYRUP,USD,online,SYRUP/USD,False,0.03000000,False,False,False,False,,False,coinbase,spot,现货
SWFTC-USD,SWFTC,USD,online,SWFTC-USD,False,0.03000000,False,False,False,False,,False,coinbase,spot,现货
FOX-USD,FOX,USD,online,FOX-USD,False,0.03000000,False,False,False,False,,False,coinbase,spot,现货
KNC-USD,KNC,USD,online,KNC-USD,False,0.03000000,False,False,False,False,,False,coinbase,spot,现货
XLM-EUR,XLM,EUR,online,XLM-EUR,False,0.03000000,False,False,False,False,,False,coinbase,spot,现货
POLS-USD,POLS,USD,online,POLS-USD,False,0.03000000,False,False,False,False,,False,coinbase,spot,现货
HONEY-USD,HONEY,USD,online,HONEY-USD,False,0.03000000,False,False,False,False,,False,coinbase,spot,现货
DEGEN-USD,DEGEN,USD,online,DEGEN/USD,False,0.03000000,False,False,False,False,,False,coinbase,spot,现货
AKT-USD,AKT,USD,online,AKT/USD,False,0.03000000,False,False,False,False,,False,coinbase,spot,现货
MKR-BTC,MKR,BTC,online,MKR-BTC,False,0.03000000,False,False,False,False,,False,coinbase,spot,现货
AVAX-USDT,AVAX,USDT,online,AVAX-USDT,False,0.03000000,False,False,False,False,,False,coinbase,spot,现货
AAVE-GBP,AAVE,GBP,online,AAVE-GBP,False,0.03000000,False,False,False,False,,False,coinbase,spot,现货
FIL-USD,FIL,USD,online,FIL-USD,False,0.03000000,False,False,False,False,,False,coinbase,spot,现货
IMX-USDT,IMX,USDT,online,IMX-USDT,False,0.03000000,False,False,False,False,,False,coinbase,spot,现货
GMT-USDT,GMT,USDT,online,GMT-USDT,False,0.03000000,False,False,False,False,,False,coinbase,spot,现货
CGLD-GBP,CGLD,GBP,online,CGLD-GBP,False,0.03000000,False,False,False,False,,False,coinbase,spot,现货
1INCH-USD,1INCH,USD,online,1INCH-USD,False,0.03000000,False,False,False,False,,False,coinbase,spot,现货
PNG-USD,PNG,USD,online,PNG-USD,False,0.05000000,False,False,False,False,,False,coinbase,spot,现货
BCH-GBP,BCH,GBP,online,BCH-GBP,False,0.03000000,False,False,False,False,,False,coinbase,spot,现货
VET-USD,VET,USD,online,VET-USD,False,0.03000000,False,False,False,False,,False,coinbase,spot,现货
BONK-USD,BONK,USD,online,BONK-USD,False,0.03000000,False,False,False,False,,False,coinbase,spot,现货
LRDS-USD,LRDS,USD,online,LRDS/USD,False,0.03000000,False,False,False,False,,False,coinbase,spot,现货
ATOM-GBP,ATOM,GBP,online,ATOM-GBP,False,0.03000000,False,False,False,False,,False,coinbase,spot,现货
FIL-EUR,FIL,EUR,online,FIL-EUR,False,0.03000000,False,False,False,False,,False,coinbase,spot,现货
BLAST-USD,BLAST,USD,online,BLAST/USD,False,0.03000000,False,False,False,False,,False,coinbase,spot,现货
SAFE-USD,SAFE,USD,online,SAFE/USD,False,0.03000000,False,False,False,False,,False,coinbase,spot,现货
AXL-USD,AXL,USD,online,AXL-USD,False,0.03000000,False,False,False,False,,False,coinbase,spot,现货
XRP-USD,XRP,USD,online,XRP-USD,False,0.05000000,False,False,False,False,,False,coinbase,spot,现货
WAXL-USD,WAXL,USD,online,WAXL-USD,False,0.03000000,False,False,False,False,,False,coinbase,spot,现货
LOKA-USD,LOKA,USD,online,LOKA-USD,False,0.03000000,False,False,False,False,,False,coinbase,spot,现货
DASH-USD,DASH,USD,online,DASH-USD,False,0.03000000,False,False,False,False,,False,coinbase,spot,现货
ZETACHAIN-USD,ZETACHAIN,USD,online,ZETACHAIN/USD,False,0.03000000,False,False,False,False,,False,coinbase,spot,现货
XTZ-BTC,XTZ,BTC,online,XTZ-BTC,False,0.03000000,False,False,False,False,,False,coinbase,spot,现货
MINA-USD,MINA,USD,online,MINA-USD,False,0.03000000,False,False,False,False,,False,coinbase,spot,现货
EIGEN-USD,EIGEN,USD,online,EIGEN/USD,False,0.03000000,False,False,False,False,,False,coinbase,spot,现货
AIOZ-USD,AIOZ,USD,online,AIOZ-USD,False,0.03000000,False,False,False,False,,False,coinbase,spot,现货
LSETH-USD,LSETH,USD,online,LSETH-USD,False,0.03000000,False,False,False,False,,False,coinbase,spot,现货
ZORA-USD,ZORA,USD,online,ZORA/USD,False,0.03000000,False,False,False,False,,False,coinbase,spot,现货
S-USD,S,USD,online,S/USD,False,0.03000000,False,False,False,False,,False,coinbase,spot,现货
AST-USD,AST,USD,online,AST-USD,False,0.03000000,False,False,False,False,,False,coinbase,spot,现货
DOGE-EUR,DOGE,EUR,online,DOGE-EUR,False,0.03000000,False,False,False,False,,False,coinbase,spot,现货
MASK-USD,MASK,USD,online,MASK-USD,False,0.05000000,False,False,False,False,,False,coinbase,spot,现货
FIL-BTC,FIL,BTC,online,FIL-BTC,False,0.03000000,False,False,False,False,,False,coinbase,spot,现货
1INCH-EUR,1INCH,EUR,online,1INCH-EUR,False,0.03000000,False,False,False,False,,False,coinbase,spot,现货
ETH-GBP,ETH,GBP,online,ETH-GBP,False,0.03000000,False,False,False,False,,False,coinbase,spot,现货
OSMO-USD,OSMO,USD,online,OSMO-USD,False,0.03000000,False,False,False,False,,False,coinbase,spot,现货
BTC-EUR,BTC,EUR,online,BTC-EUR,False,0.03000000,False,False,False,False,,False,coinbase,spot,现货
TRAC-USD,TRAC,USD,online,TRAC-USD,False,0.03000000,False,False,False,False,,False,coinbase,spot,现货
STX-USDT,STX,USDT,online,STX-USDT,False,0.03000000,False,False,False,False,,False,coinbase,spot,现货
COMP-BTC,COMP,BTC,online,COMP-BTC,False,0.03000000,False,False,False,False,,False,coinbase,spot,现货
ACS-USD,ACS,USD,online,ACS-USD,False,0.03000000,False,False,False,False,,False,coinbase,spot,现货
MATIC-USD,MATIC,USD,online,MATIC-USD,False,0.03000000,False,False,False,False,,False,coinbase,spot,现货
MATH-USD,MATH,USD,online,MATH-USD,False,0.03000000,False,False,False,False,,False,coinbase,spot,现货
IDEX-USD,IDEX,USD,online,IDEX-USD,False,0.03000000,False,False,False,False,,False,coinbase,spot,现货
1INCH-GBP,1INCH,GBP,online,1INCH-GBP,False,0.03000000,False,False,False,False,,False,coinbase,spot,现货
STORJ-USD,STORJ,USD,online,STORJ-USD,False,0.03000000,False,False,False,False,,False,coinbase,spot,现货
GIGA-USD,GIGA,USD,online,GIGA/USD,False,0.03000000,False,False,False,False,,False,coinbase,spot,现货
TRU-USD,TRU,USD,online,TRU-USD,False,0.03000000,False,False,False,False,,False,coinbase,spot,现货
SHPING-USD,SHPING,USD,online,SHPING-USD,False,0.03000000,False,False,False,False,,False,coinbase,spot,现货
MOODENG-USD,MOODENG,USD,online,MOODENG/USD,False,0.03000000,False,False,False,False,,False,coinbase,spot,现货
SOL-USDT,SOL,USDT,online,SOL-USDT,False,0.03000000,False,False,False,False,,False,coinbase,spot,现货
A8-USD,A8,USD,online,A8/USD,False,0.03000000,False,False,False,False,,False,coinbase,spot,现货
NEWT-USD,NEWT,USD,online,NEWT/USD,False,0.03000000,False,False,False,False,,False,coinbase,spot,现货
DOT-USDT,DOT,USDT,online,DOT-USDT,False,0.03000000,False,False,False,False,,False,coinbase,spot,现货
BADGER-USD,BADGER,USD,online,BADGER-USD,False,0.03000000,False,False,False,False,,False,coinbase,spot,现货
ANKR-GBP,ANKR,GBP,online,ANKR-GBP,False,0.03000000,False,False,False,False,,False,coinbase,spot,现货
IMX-USD,IMX,USD,online,IMX-USD,False,0.03000000,False,False,False,False,,False,coinbase,spot,现货
AVT-USD,AVT,USD,online,AVT-USD,False,0.05000000,False,False,False,False,,False,coinbase,spot,现货
RARE-USD,RARE,USD,online,RARE-USD,False,0.03000000,False,False,False,False,,False,coinbase,spot,现货
SUSHI-USD,SUSHI,USD,online,SUSHI-USD,False,0.03000000,False,False,False,False,,False,coinbase,spot,现货
WELL-USD,WELL,USD,online,WELL/USD,False,0.03000000,False,False,False,False,,False,coinbase,spot,现货
ASM-USD,ASM,USD,online,ASM-USD,False,0.03000000,False,False,False,False,,False,coinbase,spot,现货
PERP-USD,PERP,USD,online,PERP-USD,False,0.03000000,False,False,False,False,,False,coinbase,spot,现货
PENGU-USD,PENGU,USD,online,PENGU/USD,False,0.03000000,False,False,False,False,,False,coinbase,spot,现货
FIS-USD,FIS,USD,online,FIS-USD,False,0.03000000,False,False,False,False,,False,coinbase,spot,现货
RSR-USD,RSR,USD,online,RSR/USD,False,0.03000000,False,False,False,False,,False,coinbase,spot,现货
BCH-BTC,BCH,BTC,online,BCH-BTC,False,0.03000000,False,False,False,False,,False,coinbase,spot,现货
AXS-USD,AXS,USD,online,AXS-USD,False,0.03000000,False,False,False,False,,False,coinbase,spot,现货
LTC-BTC,LTC,BTC,online,LTC-BTC,False,0.03000000,False,False,False,False,,False,coinbase,spot,现货
CORECHAIN-USD,CORECHAIN,USD,online,CORECHAIN/USD,False,0.03000000,False,False,False,False,,False,coinbase,spot,现货
CTX-USD,CTX,USD,online,CTX-USD,False,0.05000000,False,False,False,False,,False,coinbase,spot,现货
BCH-USD,BCH,USD,online,BCH-USD,False,0.03000000,False,False,False,False,,False,coinbase,spot,现货
TREE-USD,TREE,USD,online,TREE/USD,False,0.03000000,False,False,False,False,,False,coinbase,spot,现货
SEI-USD,SEI,USD,online,SEI-USD,False,0.03000000,False,False,False,False,,False,coinbase,spot,现货
DIA-USD,DIA,USD,online,DIA-USD,False,0.03000000,False,False,False,False,,False,coinbase,spot,现货
GNO-USD,GNO,USD,online,GNO-USD,False,0.03000000,False,True,False,False,,False,coinbase,spot,现货
FIL-GBP,FIL,GBP,online,FIL-GBP,False,0.03000000,False,False,False,False,,False,coinbase,spot,现货
SPA-USD,SPA,USD,online,SPA-USD,False,0.03000000,False,False,False,False,,False,coinbase,spot,现货
TRB-USD,TRB,USD,online,TRB-USD,False,0.03000000,False,False,False,False,,False,coinbase,spot,现货
EURC-USDC,EURC,USDC,online,EURC/USDC,True,0.01000000,False,True,False,False,,False,coinbase,spot,现货
USDT-GBP,USDT,GBP,online,USDT-GBP,True,0.01000000,False,False,False,False,,False,coinbase,spot,现货
KSM-USD,KSM,USD,online,KSM-USD,False,0.03000000,False,False,False,False,,False,coinbase,spot,现货
DIMO-USD,DIMO,USD,online,DIMO-USD,False,0.03000000,False,False,False,False,,False,coinbase,spot,现货
CRO-USDT,CRO,USDT,online,CRO-USDT,False,0.03000000,False,False,False,False,,False,coinbase,spot,现货
MKR-USD,MKR,USD,online,MKR-USD,False,0.03000000,False,False,False,False,,False,coinbase,spot,现货
SNX-GBP,SNX,GBP,online,SNX-GBP,False,0.03000000,False,True,False,False,,False,coinbase,spot,现货
SUPER-USD,SUPER,USD,online,SUPER-USD,False,0.03000000,False,False,False,False,,False,coinbase,spot,现货
00-USD,00,USD,online,00-USD,False,0.03000000,False,False,False,False,,False,coinbase,spot,现货
AERO-USD,AERO,USD,online,AERO-USD,False,0.03000000,False,False,False,False,,False,coinbase,spot,现货
OMNI-USD,OMNI,USD,online,OMNI/USD,False,0.03000000,False,False,False,False,,False,coinbase,spot,现货
MINA-USDT,MINA,USDT,online,MINA-USDT,False,0.03000000,False,False,False,False,,False,coinbase,spot,现货
XRP-EUR,XRP,EUR,online,XRP-EUR,False,0.05000000,False,False,False,False,,False,coinbase,spot,现货
ZK-USD,ZK,USD,online,ZK/USD,False,0.03000000,False,False,False,False,,False,coinbase,spot,现货
PUNDIX-USD,PUNDIX,USD,online,PUNDIX-USD,False,0.03000000,False,False,False,False,,False,coinbase,spot,现货
MATIC-GBP,MATIC,GBP,online,MATIC-GBP,False,0.03000000,False,False,False,False,,False,coinbase,spot,现货
LRC-USDT,LRC,USDT,online,LRC-USDT,False,0.03000000,False,False,False,False,,False,coinbase,spot,现货
FET-USD,FET,USD,online,FET-USD,False,0.03000000,False,False,False,False,,False,coinbase,spot,现货
APE-USD,APE,USD,online,APE-USD,False,0.03000000,False,False,False,False,,False,coinbase,spot,现货
SHDW-USD,SHDW,USD,online,SHDW/USD,False,0.03000000,False,False,False,False,,False,coinbase,spot,现货
ATOM-USDT,ATOM,USDT,online,ATOM-USDT,False,0.03000000,False,False,False,False,,False,coinbase,spot,现货
SHIB-GBP,SHIB,GBP,online,SHIB-GBP,False,0.03000000,False,False,False,False,,False,coinbase,spot,现货
APT-USD,APT,USD,online,APT-USD,False,0.03000000,False,False,False,False,,False,coinbase,spot,现货
C98-USD,C98,USD,online,C98-USD,False,0.03000000,False,False,False,False,,False,coinbase,spot,现货
USDC-EUR,USDC,EUR,online,USDC-EUR,True,0.01000000,False,True,False,False,,False,coinbase,spot,现货
ZEC-USD,ZEC,USD,online,ZEC-USD,False,0.03000000,False,True,False,False,,False,coinbase,spot,现货
API3-USD,API3,USD,online,API3-USD,False,0.03000000,False,False,False,False,,False,coinbase,spot,现货
ETC-GBP,ETC,GBP,online,ETC-GBP,False,0.03000000,False,False,False,False,,False,coinbase,spot,现货
TURBO-USD,TURBO,USD,online,TURBO/USD,False,0.03000000,False,False,False,False,,False,coinbase,spot,现货
PYR-USD,PYR,USD,online,PYR-USD,False,0.03000000,False,False,False,False,,False,coinbase,spot,现货
GHST-USD,GHST,USD,online,GHST-USD,False,0.03000000,False,False,False,False,,False,coinbase,spot,现货
ARPA-USD,ARPA,USD,online,ARPA-USD,False,0.03000000,False,False,False,False,,False,coinbase,spot,现货
DOGE-USDT,DOGE,USDT,online,DOGE-USDT,False,0.03000000,False,False,False,False,,False,coinbase,spot,现货
MORPHO-USD,MORPHO,USD,online,MORPHO/USD,False,0.03000000,False,False,False,False,,False,coinbase,spot,现货
FLR-USD,FLR,USD,online,FLR-USD,False,0.03000000,False,False,False,False,,False,coinbase,spot,现货
ALICE-USD,ALICE,USD,online,ALICE-USD,False,0.03000000,False,False,False,False,,False,coinbase,spot,现货
ETHFI-USD,ETHFI,USD,online,ETHFI/USD,False,0.03000000,False,False,False,False,,False,coinbase,spot,现货
POWR-USD,POWR,USD,online,POWR-USD,False,0.03000000,False,False,False,False,,False,coinbase,spot,现货
YFI-BTC,YFI,BTC,online,YFI-BTC,False,0.03000000,False,False,False,False,,False,coinbase,spot,现货
MANA-USD,MANA,USD,online,MANA-USD,False,0.03000000,False,False,False,False,,False,coinbase,spot,现货
DOT-BTC,DOT,BTC,online,DOT-BTC,False,0.03000000,False,False,False,False,,False,coinbase,spot,现货
LRC-BTC,LRC,BTC,online,LRC-BTC,False,0.03000000,False,False,False,False,,False,coinbase,spot,现货
USDT-USDC,USDT,USDC,online,USDT-USDC,False,0.01000000,False,True,False,False,,False,coinbase,spot,现货
AAVE-USD,AAVE,USD,online,AAVE-USD,False,0.03000000,False,False,False,False,,False,coinbase,spot,现货
UNI-USD,UNI,USD,online,UNI-USD,False,0.03000000,False,False,False,False,,False,coinbase,spot,现货
BCH-EUR,BCH,EUR,online,BCH-EUR,False,0.03000000,False,False,False,False,,False,coinbase,spot,现货
PENDLE-USD,PENDLE,USD,online,PENDLE/USD,False,0.03000000,False,False,False,False,,False,coinbase,spot,现货
UNI-EUR,UNI,EUR,online,UNI-EUR,False,0.03000000,False,False,False,False,,False,coinbase,spot,现货
CBETH-ETH,CBETH,ETH,online,cbETH-ETH,True,0.01000000,False,True,False,False,,False,coinbase,spot,现货
UMA-USD,UMA,USD,online,UMA-USD,False,0.03000000,False,False,False,False,,False,coinbase,spot,现货
BERA-USD,BERA,USD,online,BERA/USD,False,0.03000000,False,False,False,False,,False,coinbase,spot,现货
AUDIO-USD,AUDIO,USD,online,AUDIO-USD,False,0.03000000,False,False,False,False,,False,coinbase,spot,现货
DOGE-USD,DOGE,USD,online,DOGE-USD,False,0.03000000,False,False,False,False,,False,coinbase,spot,现货
AAVE-EUR,AAVE,EUR,online,AAVE-EUR,False,0.03000000,False,False,False,False,,False,coinbase,spot,现货
PROMPT-USD,PROMPT,USD,online,PROMPT/USD,False,0.03000000,False,False,False,False,,False,coinbase,spot,现货
CRV-EUR,CRV,EUR,online,CRV-EUR,False,0.03000000,False,False,False,False,,False,coinbase,spot,现货
FORT-USD,FORT,USD,online,FORT-USD,False,0.03000000,False,False,False,False,,False,coinbase,spot,现货
QI-USD,QI,USD,online,QI-USD,False,0.03000000,False,False,False,False,,False,coinbase,spot,现货
BAT-EUR,BAT,EUR,online,BAT-EUR,False,0.03000000,False,False,False,False,,False,coinbase,spot,现货
RLC-USD,RLC,USD,online,RLC-USD,False,0.03000000,False,False,False,False,,False,coinbase,spot,现货
XLM-USDT,XLM,USDT,online,XLM-USDT,False,0.03000000,False,False,False,False,,False,coinbase,spot,现货
LINK-USDT,LINK,USDT,online,LINK-USDT,False,0.03000000,False,False,False,False,,False,coinbase,spot,现货
MPLX-USD,MPLX,USD,online,MPLX/USD,False,0.03000000,False,False,False,False,,False,coinbase,spot,现货
XTZ-USD,XTZ,USD,online,XTZ-USD,False,0.03000000,False,False,False,False,,False,coinbase,spot,现货
AXS-USDT,AXS,USDT,online,AXS-USDT,False,0.03000000,False,False,False,False,,False,coinbase,spot,现货
ERA-USD,ERA,USD,online,ERA/USD,False,0.03000000,False,False,False,False,,False,coinbase,spot,现货
ETC-USD,ETC,USD,online,ETC-USD,False,0.03000000,False,False,False,False,,False,coinbase,spot,现货
SOL-EUR,SOL,EUR,online,SOL-EUR,False,0.03000000,False,False,False,False,,False,coinbase,spot,现货
OXT-USD,OXT,USD,online,OXT-USD,False,0.03000000,False,False,False,False,,False,coinbase,spot,现货
ATOM-EUR,ATOM,EUR,online,ATOM-EUR,False,0.03000000,False,False,False,False,,False,coinbase,spot,现货
SNX-EUR,SNX,EUR,online,SNX-EUR,False,0.03000000,False,True,False,False,,False,coinbase,spot,现货
MASK-EUR,MASK,EUR,online,MASK-EUR,False,0.05000000,False,False,False,False,,False,coinbase,spot,现货
SOL-BTC,SOL,BTC,online,SOL-BTC,False,0.03000000,False,False,False,False,,False,coinbase,spot,现货
MNDE-USD,MNDE,USD,online,MNDE-USD,False,0.03000000,False,False,False,False,,False,coinbase,spot,现货
SHIB-EUR,SHIB,EUR,online,SHIB-EUR,False,0.03000000,False,False,False,False,,False,coinbase,spot,现货
SQD-USD,SQD,USD,online,SQD/USD,False,0.03000000,False,False,False,False,,False,coinbase,spot,现货
EDGE-USD,EDGE,USD,online,EDGE/USD,False,0.03000000,False,False,False,False,,False,coinbase,spot,现货
WLD-USD,WLD,USD,online,WLD/USD,False,0.03000000,False,False,False,False,,False,coinbase,spot,现货
WCFG-USD,WCFG,USD,online,WCFG-USD,False,0.03000000,False,False,False,False,,False,coinbase,spot,现货
FLOKI-USD,FLOKI,USD,online,FLOKI/USD,False,0.03000000,False,False,False,False,,False,coinbase,spot,现货
SAND-USD,SAND,USD,online,SAND-USD,False,0.03000000,False,False,False,False,,False,coinbase,spot,现货
GLM-USD,GLM,USD,online,GLM-USD,False,0.03000000,False,False,False,False,,False,coinbase,spot,现货
RENDER-USD,RENDER,USD,online,RENDER/USD,False,0.03000000,False,False,False,False,,False,coinbase,spot,现货
IO-USD,IO,USD,online,IO/USD,False,0.03000000,False,False,False,False,,False,coinbase,spot,现货
GFI-USD,GFI,USD,online,GFI-USD,False,0.03000000,False,False,False,False,,False,coinbase,spot,现货
ROSE-USD,ROSE,USD,online,ROSE-USD,False,0.03000000,False,False,False,False,,False,coinbase,spot,现货
USDT-EUR,USDT,EUR,online,USDT-EUR,True,0.01000000,False,False,False,False,,False,coinbase,spot,现货
PRO-USD,PRO,USD,online,PRO-USD,False,0.05000000,False,False,False,False,,False,coinbase,spot,现货
ICP-EUR,ICP,EUR,online,ICP-EUR,False,0.03000000,False,False,False,False,,False,coinbase,spot,现货
NMR-USD,NMR,USD,online,NMR-USD,False,0.03000000,False,False,False,False,,False,coinbase,spot,现货
ATOM-BTC,ATOM,BTC,online,ATOM-BTC,False,0.03000000,False,False,False,False,,False,coinbase,spot,现货
ROSE-USDT,ROSE,USDT,online,ROSE-USDT,False,0.03000000,False,False,False,False,,False,coinbase,spot,现货
EOS-BTC,EOS,BTC,online,EOS-BTC,False,0.03000000,False,False,False,False,,False,coinbase,spot,现货
SOL-GBP,SOL,GBP,online,SOL-GBP,False,0.03000000,False,False,False,False,,False,coinbase,spot,现货
AMP-USD,AMP,USD,online,AMP-USD,False,0.03000000,False,False,False,False,,False,coinbase,spot,现货
HFT-USD,HFT,USD,online,HFT-USD,False,0.03000000,False,False,False,False,,False,coinbase,spot,现货
CHZ-EUR,CHZ,EUR,online,CHZ-EUR,False,0.03000000,False,False,False,False,,False,coinbase,spot,现货
LTC-EUR,LTC,EUR,online,LTC-EUR,False,0.03000000,False,False,False,False,,False,coinbase,spot,现货
MATIC-EUR,MATIC,EUR,online,MATIC-EUR,False,0.03000000,False,False,False,False,,False,coinbase,spot,现货
ENS-USDT,ENS,USDT,online,ENS-USDT,False,0.03000000,False,False,False,False,,False,coinbase,spot,现货
VVV-USD,VVV,USD,online,VVV-USD,False,0.03000000,False,False,False,False,,False,coinbase,spot,现货
RSC-USD,RSC,USD,online,RSC-USD,False,0.03000000,False,False,False,False,,False,coinbase,spot,现货
ETH-DAI,ETH,DAI,online,ETH-DAI,False,0.03000000,False,False,False,False,,False,coinbase,spot,现货
BICO-USD,BICO,USD,online,BICO-USD,False,0.03000000,False,False,False,False,,False,coinbase,spot,现货
CVX-USD,CVX,USD,online,CVX-USD,False,0.03000000,False,False,False,False,,False,coinbase,spot,现货
SKL-USD,SKL,USD,online,SKL-USD,False,0.03000000,False,False,False,False,,False,coinbase,spot,现货
AVAX-USD,AVAX,USD,online,AVAX-USD,False,0.03000000,False,False,False,False,,False,coinbase,spot,现货
USDT-USD,USDT,USD,online,USDT-USD,False,0.01000000,False,False,False,False,,False,coinbase,spot,现货
LINK-GBP,LINK,GBP,online,LINK-GBP,False,0.03000000,False,False,False,False,,False,coinbase,spot,现货
JASMY-USDT,JASMY,USDT,online,JASMY-USDT,False,0.03000000,False,False,False,False,,False,coinbase,spot,现货
CRO-EUR,CRO,EUR,online,CRO-EUR,False,0.03000000,False,False,False,False,,False,coinbase,spot,现货
LTC-USD,LTC,USD,online,LTC-USD,False,0.03000000,False,False,False,False,,False,coinbase,spot,现货
ETH-USD,ETH,USD,online,ETH-USD,False,0.02000000,False,False,False,False,,False,coinbase,spot,现货
L3-USD,L3,USD,online,L3/USD,False,0.03000000,False,False,False,False,,False,coinbase,spot,现货
MOG-USD,MOG,USD,online,MOG/USD,False,0.03000000,False,False,False,False,,False,coinbase,spot,现货
ETC-EUR,ETC,EUR,online,ETC-EUR,False,0.03000000,False,False,False,False,,False,coinbase,spot,现货
COOKIE-USD,COOKIE,USD,online,COOKIE/USD,False,0.03000000,False,False,False,False,,False,coinbase,spot,现货
KERNEL-USD,KERNEL,USD,online,KERNEL/USD,False,0.03000000,False,False,False,False,,False,coinbase,spot,现货
LINK-EUR,LINK,EUR,online,LINK-EUR,False,0.03000000,False,False,False,False,,False,coinbase,spot,现货
USDC-GBP,USDC,GBP,online,USDC-GBP,True,0.01000000,False,True,False,False,,False,coinbase,spot,现货
GRT-EUR,GRT,EUR,online,GRT-EUR,False,0.03000000,False,False,False,False,,False,coinbase,spot,现货
NEON-USD,NEON,USD,online,NEON/USD,False,0.03000000,False,False,False,False,,False,coinbase,spot,现货
CELR-USD,CELR,USD,online,CELR-USD,False,0.03000000,False,False,False,False,,False,coinbase,spot,现货
PIRATE-USD,PIRATE,USD,online,PIRATE/USD,False,0.03000000,False,False,False,False,,False,coinbase,spot,现货
FX-USD,FX,USD,online,FX-USD,False,0.03000000,False,True,False,False,,False,coinbase,spot,现货
ETH-BTC,ETH,BTC,online,ETH-BTC,False,0.03000000,False,False,False,False,,False,coinbase,spot,现货
BAT-ETH,BAT,ETH,online,BAT-ETH,False,0.03000000,False,False,False,False,,False,coinbase,spot,现货
ARB-USD,ARB,USD,online,ARB-USD,False,0.03000000,False,False,False,False,,False,coinbase,spot,现货
COTI-USD,COTI,USD,online,COTI-USD,False,0.03000000,False,False,False,False,,False,coinbase,spot,现货
SKY-USD,SKY,USD,online,SKY/USD,False,0.03000000,False,False,False,False,,False,coinbase,spot,现货
MLN-USD,MLN,USD,online,MLN-USD,False,0.03000000,False,False,False,False,,False,coinbase,spot,现货
MINA-EUR,MINA,EUR,online,MINA-EUR,False,0.03000000,False,False,False,False,,False,coinbase,spot,现货
HIGH-USD,HIGH,USD,online,HIGH-USD,False,0.03000000,False,False,False,False,,False,coinbase,spot,现货
LDO-USD,LDO,USD,online,LDO-USD,False,0.03000000,False,False,False,False,,False,coinbase,spot,现货
MUSE-USD,MUSE,USD,online,MUSE-USD,False,0.05000000,False,False,False,False,,False,coinbase,spot,现货
POPCAT-USD,POPCAT,USD,online,POPCAT/USD,False,0.03000000,False,False,False,False,,False,coinbase,spot,现货
W-USD,W,USD,online,W/USD,False,0.03000000,False,False,False,False,,False,coinbase,spot,现货
ZETA-USD,ZETA,USD,online,ZETA-USD,False,0.03000000,False,False,False,False,,False,coinbase,spot,现货
BNT-USD,BNT,USD,online,BNT-USD,False,0.03000000,False,False,False,False,,False,coinbase,spot,现货
SAND-USDT,SAND,USDT,online,SAND-USDT,False,0.03000000,False,False,False,False,,False,coinbase,spot,现货
