symbol,baseAsset,quoteAsset,status,exchange,type,trading_type,korean_name,english_name,trade_price,change,change_rate,high_price,low_price,acc_trade_volume_24h,acc_trade_price_24h,timestamp
BTC-BERA,BERA,BTC,TRADING,upbit,spot,现货,베라체인,Berachain,1.535e-05,FALL,0.0370138018,1.535e-05,1.535e-05,628.38689882,0.00981557,1754148391302
BTC-FIL,FIL,BTC,TRADING,upbit,spot,现货,파일코인,Filecoin,2.038e-05,RISE,0.0119165839,2.053e-05,2.014e-05,12895.19112128,0.26110335,1754148390635
BTC-SIGN,SIGN,BTC,TRADING,upbit,spot,现货,사인,Sign,6e-07,FALL,0.0625,6.1e-07,6e-07,12097.77206366,0.00725866,1754092617119
BTC-VIRTUAL,VIRTUAL,BTC,TRADING,upbit,spot,现货,버추얼프로토콜,Virtuals Protocol,1.035e-05,FALL,0.0641952984,1.068e-05,1.024e-05,13.93171402,0.00014419,1754113616320
BTC-BAT,BAT,BTC,TRADING,upbit,spot,现货,베이직어텐션토큰,Basic Attention Token,1.29e-06,FALL,0.0076923077,1.29e-06,1.29e-06,355.68145135,0.00046192,1754148390084
KRW-WAXP,WAXP,KRW,TRADING,upbit,spot,现货,왁스,WAX,28.3,FALL,0.0104895105,29.0,28.0,18055159.70501238,514255447.04581195,1754148390448
USDT-PEPE,PEPE,USDT,TRADING,upbit,spot,现货,페페,Pepe,1.043e-05,RISE,0.043,1.122e-05,1.043e-05,71613622.70403919,743.17349778,1754148391083
BTC-BAR,BAR,BTC,TRADING,upbit,spot,现货,FC바르셀로나,FC Barcelona Fan Token,1.016e-05,RISE,0.0388548057,1.016e-05,1.016e-05,7.86903404,7.995e-05,1754148390835
USDT-WCT,WCT,USDT,TRADING,upbit,spot,现货,월렛커넥트,WalletConnect,0.2867,FALL,0.0881043257,0.3061,0.2867,3.29815303,0.94558047,1754126696404
KRW-CARV,CARV,KRW,TRADING,upbit,spot,现货,카브,CARV,379.0,FALL,0.0104438642,385.0,372.0,3069025.70994489,1167546200.899276,1754148391128
KRW-LSK,LSK,KRW,TRADING,upbit,spot,现货,리스크,Lisk,566.0,RISE,0.0017699115,575.0,559.0,929942.58961306,526312417.70656043,1754148390154
USDT-DOGE,DOGE,USDT,TRADING,upbit,spot,现货,도지코인,Dogecoin,0.1952,FALL,0.0473401659,0.2039,0.1952,49853.31058276,9855.62108065,1754148390333
USDT-AXL,AXL,USDT,TRADING,upbit,spot,现货,엑셀라,Axelar,0.3476,FALL,0.1177664975,0.3476,0.3476,143.84349827,50.0,1753988756493
BTC-SCR,SCR,BTC,TRADING,upbit,spot,现货,스크롤,Scroll,2.43e-06,FALL,0.028,2.56e-06,2.42e-06,32993.7257645,0.08174029,1754148391293
USDT-JASMY,JASMY,USDT,TRADING,upbit,spot,现货,재스미코인,JasmyCoin,0.01433,FALL,0.1224739743,0.01503,0.01433,547.59889999,7.93423405,1754148391196
BTC-VANA,VANA,BTC,TRADING,upbit,spot,现货,바나,Vana,4.251e-05,RISE,0.0162562754,4.251e-05,4.251e-05,118.22744285,0.00502585,1753892016350
BTC-LWA,LWA,BTC,TRADING,upbit,spot,现货,루미웨이브,LumiWave,1.4e-07,EVEN,0.0,1.4e-07,1.3e-07,1478288.79462389,0.20212084,1754148390569
BTC-DGB,DGB,BTC,TRADING,upbit,spot,现货,디지바이트,DigiByte,8e-08,RISE,0.1428571429,8e-08,7e-08,2317080.0,0.1622106,1754148390082
USDT-BONK,BONK,USDT,TRADING,upbit,spot,现货,봉크,Bonk,2.545e-05,FALL,0.0234075211,2.545e-05,2.545e-05,45334797.41619155,1178.74117594,1754148391147
BTC-BCH,BCH,BTC,TRADING,upbit,spot,现货,비트코인캐시,Bitcoin Cash,0.00473057,FALL,0.0139016855,0.00480103,0.00470815,6.39067154,0.03036636,1754148390269
BTC-JASMY,JASMY,BTC,TRADING,upbit,spot,现货,재스미코인,JasmyCoin,1.3e-07,EVEN,0.0,1.3e-07,1.3e-07,5704.5,0.00074159,1754148391196
KRW-BORA,BORA,KRW,TRADING,upbit,spot,现货,보라,BORA,130.0,FALL,0.0076335878,132.0,129.0,7707058.25484434,1005765228.3269646,1754148390546
KRW-PUNDIX,PUNDIX,KRW,TRADING,upbit,spot,现货,펀디엑스,Pundi X,415.0,FALL,0.0119047619,424.0,411.0,2018436.37217256,844298406.7882282,1754148390701
BTC-ORBS,ORBS,BTC,TRADING,upbit,spot,现货,오브스,Orbs,1.6e-07,EVEN,0.0,1.6e-07,1.6e-07,4000.0,0.00064,1754148390409
USDT-WAL,WAL,USDT,TRADING,upbit,spot,现货,월러스,Walrus,0.3774,FALL,0.0484114977,0.3774,0.3774,0.10702811,0.04039241,1754148391356
KRW-BAT,BAT,KRW,TRADING,upbit,spot,现货,베이직어텐션토큰,Basic Attention Token,205.0,FALL,0.0048543689,211.0,202.0,2541123.75891737,524898560.492922,1754148390285
KRW-HUNT,HUNT,KRW,TRADING,upbit,spot,现货,헌트,HUNT,351.0,EVEN,0.0,365.0,350.0,2106684.82901583,749605229.9646938,1754148390579
KRW-PENGU,PENGU,KRW,TRADING,upbit,spot,现货,펏지펭귄,Pudgy Penguins,47.8,RISE,0.0042016807,51.0,46.9,1527721220.4818442,73978377856.23955,1754148391403
KRW-FIL,FIL,KRW,TRADING,upbit,spot,现货,파일코인,Filecoin,3244.0,RISE,0.0102771722,3261.0,3178.0,362880.31914542,1164947589.8131495,1754148391364
BTC-ANIME,ANIME,BTC,TRADING,upbit,spot,现货,애니메코인,Animecoin,1.4e-07,EVEN,0.0,1.4e-07,1.4e-07,101579.07798783,0.01422108,1754148391261
BTC-ORCA,ORCA,BTC,TRADING,upbit,spot,现货,오르카,Orca,2.047e-05,FALL,0.0770964833,2.047e-05,2.047e-05,159.81057645,0.00327132,1753948496418
KRW-BEAM,BEAM,KRW,TRADING,upbit,spot,现货,빔,Beam,9.4,RISE,0.008583691,9.54,9.11,118383551.4126972,1109085758.5651934,1754148390987
BTC-SOON,SOON,BTC,TRADING,upbit,spot,现货,쑨,SOON,1.39e-06,RISE,0.0296296296,1.4e-06,1.3e-06,2126830.18291908,2.84899391,1754148391428
BTC-LRC,LRC,BTC,TRADING,upbit,spot,现货,루프링,Loopring,7e-07,RISE,0.0144927536,7.1e-07,6.9e-07,15241.51676545,0.01054561,1754148390212
BTC-TOKAMAK,TOKAMAK,BTC,TRADING,upbit,spot,现货,토카막네트워크,Tokamak Network,1.231e-05,EVEN,0.0,1.231e-05,1.231e-05,7.5852965,9.337e-05,1754148390547
BTC-SOPH,SOPH,BTC,TRADING,upbit,spot,现货,소폰,Sophon,3.5e-07,RISE,0.0606060606,3.6e-07,3.5e-07,33473.6763792,0.01203218,1754148391442
BTC-STRAX,STRAX,BTC,TRADING,upbit,spot,现货,스트라티스,Stratis,4.1e-07,EVEN,0.0,4.1e-07,4.1e-07,1635.33633525,0.00067049,1754018095740
KRW-WAVES,WAVES,KRW,TRADING,upbit,spot,现货,웨이브,Waves,1438.0,RISE,0.0473415878,1523.0,1362.0,6031196.55670143,8692687812.2485,1754148390143
KRW-USDC,USDC,KRW,TRADING,upbit,spot,现货,유에스디코인,USD Coin,1405.0,RISE,0.0078909613,1406.0,1391.0,1211892.027335,1693463358.9689474,1754148391088
KRW-MOVE,MOVE,KRW,TRADING,upbit,spot,现货,무브먼트,Movement,180.0,EVEN,0.0,183.0,176.0,33140999.55811511,5953550933.587641,1754148391215
BTC-GLMR,GLMR,BTC,TRADING,upbit,spot,现货,문빔,Moonbeam,5.8e-07,FALL,0.0169491525,5.8e-07,5.7e-07,566088.4793362,0.32372093,1754148390922
KRW-AERGO,AERGO,KRW,TRADING,upbit,spot,现货,아르고,Aergo,157.0,FALL,0.01875,161.0,155.0,11629077.53136664,1840795741.0034287,1754148390416
KRW-USDT,USDT,KRW,TRADING,upbit,spot,现货,테더,Tether,1402.0,RISE,0.0057388809,1405.0,1392.0,69518930.84272228,97134424048.36621,1754148391007
BTC-LSK,LSK,BTC,TRADING,upbit,spot,现货,리스크,Lisk,3.68e-06,FALL,0.0822942643,3.68e-06,3.68e-06,64.53473887,0.00023749,1753966195077
USDT-RENDER,RENDER,USDT,TRADING,upbit,spot,现货,렌더토큰,Render Token,3.409,FALL,0.1036024191,3.517,3.409,13.0698006,44.56926915,1754148391203
BTC-STEEM,STEEM,BTC,TRADING,upbit,spot,现货,스팀,Steem,1.12e-06,FALL,0.0260869565,1.14e-06,1.12e-06,1364.26932044,0.00155991,1754148390085
USDT-LPT,LPT,USDT,TRADING,upbit,spot,现货,라이브피어,Livepeer,6.103,FALL,0.0741808252,6.103,6.103,0.08192855,0.50000994,1754095796716
KRW-BOUNTY,BOUNTY,KRW,TRADING,upbit,spot,现货,체인바운티,Chainbounty,62.1,FALL,0.0357142857,65.7,61.0,22384958.07820202,1416316110.1903243,1754148390329
KRW-KAITO,KAITO,KRW,TRADING,upbit,spot,现货,카이토,KAITO,1574.0,FALL,0.00505689,1610.0,1560.0,660275.426495,1045486220.9048074,1754148391341
KRW-LPT,LPT,KRW,TRADING,upbit,spot,现货,라이브피어,Livepeer,8390.0,RISE,0.0102347983,8460.0,8235.0,59990.07342456,500465418.1289408,1754148391451
BTC-DEEP,DEEP,BTC,TRADING,upbit,spot,现货,딥북,DeepBook,1.14e-06,FALL,0.24,1.2e-06,1.14e-06,1553.95588695,0.00177456,1754148391373
USDT-ARPA,ARPA,USDT,TRADING,upbit,spot,现货,알파,ARPA,0.02105,EVEN,0.0,0.02106,0.02105,2892.07809886,60.87937093,1754148391171
BTC-LPT,LPT,BTC,TRADING,upbit,spot,现货,라이브피어,Livepeer,5.209e-05,FALL,0.0561695959,5.318e-05,5.209e-05,100.47793273,0.00532424,1754148390791
BTC-POLYX,POLYX,BTC,TRADING,upbit,spot,现货,폴리매쉬,Polymesh,1.22e-06,RISE,0.0166666667,1.22e-06,1.22e-06,373.15487409,0.00045525,1754045455275
KRW-BLAST,BLAST,KRW,TRADING,upbit,spot,现货,블라스트,Blast,4.11,FALL,0.0306603774,4.3,4.05,1248550861.457467,5229795745.62956,1754148391041
USDT-ANIME,ANIME,USDT,TRADING,upbit,spot,现货,애니메코인,Animecoin,0.01614,FALL,0.0375670841,0.01614,0.01614,0.3589026,0.00579269,1754148391262
USDT-USDC,USDC,USDT,TRADING,upbit,spot,现货,유에스디코인,USD Coin,1.001,EVEN,0.0,1.001,1.001,141.34726802,141.48861529,1754148391089
BTC-DRIFT,DRIFT,BTC,TRADING,upbit,spot,现货,드리프트,Drift,4.38e-06,FALL,0.0288248337,4.41e-06,4.38e-06,11.45475372,5.017e-05,1754142596182
BTC-W,W,BTC,TRADING,upbit,spot,现货,웜홀,Wormhole,6.6e-07,FALL,0.0294117647,6.6e-07,6.6e-07,461.93898305,0.00030488,1754132996565
USDT-SCR,SCR,USDT,TRADING,upbit,spot,现货,스크롤,Scroll,0.2773,FALL,0.0713328868,0.2773,0.2672,1105.21672275,310.22743446,1754148391294
BTC-T,T,BTC,TRADING,upbit,spot,现货,쓰레스홀드,Threshold,1.4e-07,EVEN,0.0,1.4e-07,1.4e-07,74395.25492185,0.01041534,1754117576158
USDT-BAT,BAT,USDT,TRADING,upbit,spot,现货,베이직어텐션토큰,Basic Attention Token,0.146,EVEN,0.0,0.146,0.146,104.02304505,15.20519631,1754148390334
BTC-SKY,SKY,BTC,TRADING,upbit,spot,现货,스카이프로토콜,Sky Protocol,6.9e-07,EVEN,0.0,6.9e-07,6.8e-07,107443.92658536,0.07268403,1754148390443
KRW-DKA,DKA,KRW,TRADING,upbit,spot,现货,디카르고,dKargo,21.2,EVEN,0.0,21.9,21.0,43625890.32855982,934974905.7156491,1754148390506
BTC-A,A,BTC,TRADING,upbit,spot,现货,볼타,Vaulta,4.52e-06,FALL,0.0237580994,4.52e-06,4.52e-06,14.1614989,6.401e-05,1754087575607
BTC-G,G,BTC,TRADING,upbit,spot,现货,그래비티,Gravity,1.1e-07,EVEN,0.0,1.1e-07,1.1e-07,2540.90447154,0.0002795,1754007776356
BTC-DNT,DNT,BTC,TRADING,upbit,spot,现货,디스트릭트0x,district0x,2.5e-07,EVEN,0.0,2.5e-07,2.3e-07,564839.57356427,0.13550196,1754148390210
BTC-BABY,BABY,BTC,TRADING,upbit,spot,现货,바빌론,Babylon,5.3e-07,FALL,0.0535714286,5.7e-07,5.1e-07,1531024.48436486,0.83426744,1754148386575
USDT-BEAM,BEAM,USDT,TRADING,upbit,spot,现货,빔,Beam,0.006733,FALL,0.2181839294,0.006733,0.006733,2210.57861889,14.88382584,1754148390988
BTC-FORT,FORT,BTC,TRADING,upbit,spot,现货,포르타,Forta,5.9e-07,RISE,0.0172413793,6.5e-07,5.8e-07,9548638.39622524,5.89877643,1754148391447
KRW-ANKR,ANKR,KRW,TRADING,upbit,spot,现货,앵커,Ankr,21.3,FALL,0.0046728972,22.0,21.1,45428663.06824831,976675269.737823,1754148390409
KRW-ALGO,ALGO,KRW,TRADING,upbit,spot,现货,알고랜드,Algorand,324.0,FALL,0.0181818182,336.0,321.0,25024049.45611113,8214527037.51989,1754148390777
USDT-FIL,FIL,USDT,TRADING,upbit,spot,现货,파일코인,Filecoin,2.32,RISE,0.0306530431,2.32,2.298,1365.48838053,3141.75495222,1754148391173
KRW-SHIB,SHIB,KRW,TRADING,upbit,spot,现货,시바이누,Shiba Inu,0.017,RISE,0.0119047619,0.0171,0.0167,782653806631.5024,13205426479.258396,1754148390849
KRW-UNI,UNI,KRW,TRADING,upbit,spot,现货,유니스왑,Uniswap,12670.0,RISE,0.0047581285,12850.0,12360.0,332108.06665287,4186600749.53209,1754148391155
BTC-SYRUP,SYRUP,BTC,TRADING,upbit,spot,现货,메이플파이낸스,Maple Finance,3.52e-06,FALL,0.0434782609,3.68e-06,3.5e-06,831.85534996,0.00297443,1754148386623
USDT-HUMA,HUMA,USDT,TRADING,upbit,spot,现货,후마파이낸스,Huma Finance,0.03072,FALL,0.0921985816,0.03383,0.03072,5924.94526587,191.39620308,1754148386624
BTC-OAS,OAS,BTC,TRADING,upbit,spot,现货,오아시스,Oasys,1.1e-07,EVEN,0.0,1.1e-07,1e-07,1665028.02531903,0.18019656,1754148390971
KRW-TOKAMAK,TOKAMAK,KRW,TRADING,upbit,spot,现货,토카막네트워크,Tokamak Network,1823.0,FALL,0.037994723,1927.0,1801.0,1726436.54102624,3220454101.4528713,1754148390568
BTC-UNI,UNI,BTC,TRADING,upbit,spot,现货,유니스왑,Uniswap,7.925e-05,FALL,0.000630517,7.93e-05,7.925e-05,0.00136428,1.1e-07,1754147095836
USDT-OBSR,OBSR,USDT,TRADING,upbit,spot,现货,옵저버,Observer,0.00155,EVEN,0.0,0.002,0.00155,609969.28633945,1172.28658862,1754148391413
BTC-JUV,JUV,BTC,TRADING,upbit,spot,现货,유벤투스,Juventus Fan Token,8.93e-06,FALL,0.0132596685,8.94e-06,8.8e-06,2641.94351799,0.02344579,1754148390641
KRW-DOGE,DOGE,KRW,TRADING,upbit,spot,现货,도지코인,Dogecoin,278.0,FALL,0.0071428571,284.0,272.8,346674867.4695265,97214042830.45369,1754148390677
KRW-PEPE,PEPE,KRW,TRADING,upbit,spot,现货,페페,Pepe,0.0145,EVEN,0.0,0.0149,0.0143,658656796858.8004,9604401826.0576,1754148391184
KRW-HBAR,HBAR,KRW,TRADING,upbit,spot,现货,헤데라,Hedera,329.0,FALL,0.0208333333,342.0,325.0,56689611.32024583,19086133458.97648,1754148390461
KRW-BCH,BCH,KRW,TRADING,upbit,spot,现货,비트코인캐시,Bitcoin Cash,750000.0,RISE,0.0053619303,760500.0,740000.0,16237.93681076,12194697679.532019,1754148390281
BTC-BFC,BFC,BTC,TRADING,upbit,spot,现货,바이프로스트,Bifrost,3.6e-07,FALL,0.027027027,3.7e-07,3.6e-07,771727.16193785,0.28201852,1754148390648
BTC-OMNI,OMNI,BTC,TRADING,upbit,spot,现货,옴니네트워크,Omni Network,3.768e-05,FALL,0.0084210526,3.872e-05,3.684e-05,1132.19085097,0.04302759,1754148390970
USDT-CARV,CARV,USDT,TRADING,upbit,spot,现货,카브,CARV,0.27,FALL,0.0357142857,0.27,0.27,30.0,8.1,1754148391128
KRW-NEWT,NEWT,KRW,TRADING,upbit,spot,现货,뉴턴프로토콜,Newton Protocol,482.0,EVEN,0.0,498.0,466.1,13439273.80905431,6456188261.000984,1754148391496
KRW-SEI,SEI,KRW,TRADING,upbit,spot,现货,세이,Sei,389.0,FALL,0.0176767677,400.0,383.0,34650590.12024541,13612919560.35469,1754148390920
USDT-JUP,JUP,USDT,TRADING,upbit,spot,现货,주피터,Jupiter,0.4444,FALL,0.1011326861,0.4444,0.4444,15.09893441,6.70996645,1754148391051
BTC-MINA,MINA,BTC,TRADING,upbit,spot,现货,미나,Mina,1.68e-06,RISE,0.0181818182,1.68e-06,1.68e-06,259.58904254,0.00043611,1754031956447
KRW-BONK,BONK,KRW,TRADING,upbit,spot,现货,봉크,Bonk,0.0361,RISE,0.0140449438,0.0365,0.035,446670558521.2854,16013647956.540127,1754148391195
KRW-JST,JST,KRW,TRADING,upbit,spot,现货,저스트,JUST,45.8,FALL,0.0276008493,47.3,45.6,17429762.50912663,815256780.0034127,1754148390551
KRW-AAVE,AAVE,KRW,TRADING,upbit,spot,现货,에이브,Aave,357800.0,RISE,0.0044918585,360800.0,349100.0,8662.79357094,3077547334.4586964,1754148390762
KRW-JTO,JTO,KRW,TRADING,upbit,spot,现货,지토,Jito,2326.0,FALL,0.0034275921,2372.0,2298.0,243030.97538558,566628620.0790358,1754148391330
BTC-DKA,DKA,BTC,TRADING,upbit,spot,现货,디카르고,dKargo,1.4e-07,EVEN,0.0,1.4e-07,1.4e-07,44809.120057,0.00627328,1754148390502
USDT-BIGTIME,BIGTIME,USDT,TRADING,upbit,spot,现货,빅타임,Big Time,0.05562,FALL,0.0243816874,0.05747,0.05562,153.93801206,8.79368837,1754148390958
BTC-HAEDAL,HAEDAL,BTC,TRADING,upbit,spot,现货,해달프로토콜,Haedal Protocol,1.19e-06,FALL,0.0245901639,1.27e-06,1.18e-06,1821064.45996074,2.21550367,1754148391482
BTC-JST,JST,BTC,TRADING,upbit,spot,现货,저스트,JUST,2.9e-07,FALL,0.0333333333,2.9e-07,2.9e-07,2137.44244269,0.00061986,1754148390546
USDT-JTO,JTO,USDT,TRADING,upbit,spot,现货,지토,Jito,1.68,FALL,0.0454545455,1.68,1.68,6.36177067,10.68777473,1754091656457
BTC-SEI,SEI,BTC,TRADING,upbit,spot,现货,세이,Sei,2.46e-06,FALL,0.0501930502,2.55e-06,2.46e-06,828.15975609,0.00203727,1754148390908
KRW-JUP,JUP,KRW,TRADING,upbit,spot,现货,주피터,Jupiter,627.0,FALL,0.0047619048,642.0,619.0,4717472.24227207,2993624816.69548,1754148391050
USDT-NEWT,NEWT,USDT,TRADING,upbit,spot,现货,뉴턴프로토콜,Newton Protocol,0.3139,FALL,0.102373463,0.7,0.3139,5173.86999891,1646.48089311,1754148391497
BTC-JTO,JTO,BTC,TRADING,upbit,spot,现货,지토,Jito,1.46e-05,RISE,0.0048176187,1.46e-05,1.46e-05,49.0,0.0007154,1754148391294
USDT-BCH,BCH,USDT,TRADING,upbit,spot,现货,비트코인캐시,Bitcoin Cash,544.44,EVEN,0.0,544.44,544.44,0.01717054,9.3483288,1754148390270
USDT-DGB,DGB,USDT,TRADING,upbit,spot,现货,디지바이트,DigiByte,0.008002,FALL,0.0525692636,0.008002,0.008002,551.06377218,4.4096123,1754136715306
BTC-JUP,JUP,BTC,TRADING,upbit,spot,现货,주피터,Jupiter,4.04e-06,FALL,0.0357995227,4.13e-06,3.2e-06,154.0092312,0.0006249,1754148391051
USDT-LWA,LWA,USDT,TRADING,upbit,spot,现货,루미웨이브,LumiWave,0.01714,FALL,0.0921610169,0.01716,0.01714,2828.56503991,48.50916088,1754061416346
KRW-FLOW,FLOW,KRW,TRADING,upbit,spot,现货,플로우,Flow,503.0,RISE,0.0019920319,509.0,494.0,2376762.60666138,1189568228.7681568,1754148390707
KRW-ALT,ALT,KRW,TRADING,upbit,spot,现货,알트레이어,Altlayer,44.4,FALL,0.0347826087,46.3,43.6,44511533.20892192,2006833641.685314,1754148391480
BTC-BEAM,BEAM,BTC,TRADING,upbit,spot,现货,빔,Beam,6e-08,EVEN,0.0,6e-08,6e-08,135890.15335322,0.00815341,1754121956005
KRW-LAYER,LAYER,KRW,TRADING,upbit,spot,现货,솔레이어,Solayer,840.0,RISE,0.0084033613,848.0,829.0,4229269.38500911,3534850161.5765142,1754148391312
USDT-TUSD,TUSD,USDT,TRADING,upbit,spot,现货,트루USD,TrueUSD,1.005,RISE,0.035015448,1.005,1.005,3035.0,3050.175,1753951075233
BTC-STG,STG,BTC,TRADING,upbit,spot,现货,스타게이트파이낸스,Stargate Finance,1.35e-06,FALL,0.0492957746,1.38e-06,1.35e-06,1634.83415886,0.00223735,1754148390908
KRW-TRX,TRX,KRW,TRADING,upbit,spot,现货,트론,TRON,458.0,RISE,0.0177777778,459.0,450.0,16518457.92231151,7524817016.711585,1754148390235
KRW-POWR,POWR,KRW,TRADING,upbit,spot,现货,파워렛저,Power ledger,227.0,FALL,0.0043859649,231.0,224.0,2295054.99383167,522217264.1110013,1754148390209
KRW-ATOM,ATOM,KRW,TRADING,upbit,spot,现货,코스모스,Cosmos,5785.0,RISE,0.0034692108,5860.0,5705.0,262453.06510374,1519355042.6186686,1754148390423
BTC-USDC,USDC,BTC,TRADING,upbit,spot,现货,유에스디코인,USD Coin,8.94e-06,FALL,0.0011173184,8.94e-06,8.94e-06,23.56040268,0.00021063,1754148391089
BTC-MOVE,MOVE,BTC,TRADING,upbit,spot,现货,무브먼트,Movement,1.13e-06,FALL,0.0087719298,1.19e-06,1.13e-06,3074.88159463,0.00349275,1754148391216
BTC-BOUNTY,BOUNTY,BTC,TRADING,upbit,spot,现货,체인바운티,Chainbounty,4.1e-07,FALL,0.0238095238,4.1e-07,4.1e-07,766.98880196,0.00031447,1754096155385
BTC-STX,STX,BTC,TRADING,upbit,spot,现货,스택스,Stacks,6e-06,FALL,0.0275526742,6.01e-06,5.9e-06,19.27015793,0.00011562,1754148390663
KRW-ARKM,ARKM,KRW,TRADING,upbit,spot,现货,아캄,Arkham,635.0,FALL,0.0078125,649.0,623.0,614531.86950559,390890256.26724565,1754148391346
BTC-USDP,USDP,BTC,TRADING,upbit,spot,现货,팍스달러,Pax Dollar,8.62e-06,FALL,0.0193401593,8.62e-06,8.62e-06,126.47730621,0.00109023,1754148390726
BTC-USDT,USDT,BTC,TRADING,upbit,spot,现货,테더,Tether,8.84e-06,RISE,0.0034052213,8.84e-06,8.75e-06,28947.76301966,0.25420183,1754148391008
BTC-USDS,USDS,BTC,TRADING,upbit,spot,现货,유에스디에스,USDS,8.6e-06,FALL,0.0092165899,8.66e-06,8.59e-06,187.30810189,0.00161485,1754148390443
BTC-BSV,BSV,BTC,TRADING,upbit,spot,现货,비트코인에스브이,Bitcoin SV,0.00023032,FALL,0.0243158519,0.00023366,0.00023031,10.0,0.0023032,1754125675364
KRW-CRO,CRO,KRW,TRADING,upbit,spot,现货,크로노스,Cronos,182.0,FALL,0.0054644809,192.0,177.0,10427872.22053867,1918489722.1813753,1754148390559
BTC-SUI,SUI,BTC,TRADING,upbit,spot,现货,수이,Sui,2.996e-05,FALL,0.0016661113,3.054e-05,2.996e-05,1063.65175105,0.03222725,1754148390889
KRW-NXPC,NXPC,KRW,TRADING,upbit,spot,现货,넥스페이스,Nexpace,1225.0,FALL,0.0064882401,1262.0,1212.0,2329865.76244682,2876758803.206885,1754148391411
BTC-PUNDIX,PUNDIX,BTC,TRADING,upbit,spot,现货,펀디엑스,Pundi X,2.61e-06,RISE,0.0038461538,2.63e-06,2.61e-06,1620.41166303,0.00425547,1754148390697
KRW-A,A,KRW,TRADING,upbit,spot,现货,볼타,Vaulta,693.0,FALL,0.0057388809,705.0,687.0,3088049.22247964,2147753033.2703853,1754148390222
BTC-MED,MED,BTC,TRADING,upbit,spot,现货,메디블록,MediBloc,5e-08,EVEN,0.0,5e-08,5e-08,85647.39546134,0.00428237,1754148390466
KRW-TRUMP,TRUMP,KRW,TRADING,upbit,spot,现货,오피셜트럼프,Official Trump,12160.0,FALL,0.0008216927,12330.0,12020.0,744124.36701083,9069892126.362822,1754148391324
BTC-OBSR,OBSR,BTC,TRADING,upbit,spot,现货,옵저버,Observer,2e-08,EVEN,0.0,2e-08,1e-08,116582.14231338,0.00127035,1754148390502
KRW-G,G,KRW,TRADING,upbit,spot,现货,그래비티,Gravity,16.4,FALL,0.0060606061,16.8,16.15,20776585.91481183,342327552.0785463,1754148391067
USDT-UNI,UNI,USDT,TRADING,upbit,spot,现货,유니스왑,Uniswap,8.964,FALL,0.0158102767,10.88,8.829,20.03507798,179.88797318,1754148391155
BTC-MEW,MEW,BTC,TRADING,upbit,spot,现货,캣인어독스월드,cat in a dogs world,2e-08,FALL,0.3333333333,2e-08,2e-08,15381.7889242,0.00030764,1754138816104
USDT-OAS,OAS,USDT,TRADING,upbit,spot,现货,오아시스,Oasys,0.01172,FALL,0.0616493195,0.01174,0.01172,5178.35245587,60.7381741,1754148390971
BTC-HUMA,HUMA,BTC,TRADING,upbit,spot,现货,후마파이낸스,Huma Finance,2.9e-07,EVEN,0.0,2.9e-07,2.8e-07,1213371.92691762,0.34573299,1754148386624
KRW-CELO,CELO,KRW,TRADING,upbit,spot,现货,셀로,Celo,421.0,FALL,0.0023696682,433.0,416.0,1439096.76006009,606954741.8587768,1754148390814
BTC-PROM,PROM,BTC,TRADING,upbit,spot,现货,프롬,Prom,7.193e-05,RISE,0.0071408569,7.193e-05,7.156e-05,59.13516502,0.00423698,1754148390636
KRW-CTC,CTC,KRW,TRADING,upbit,spot,现货,크레딧코인,Creditcoin,885.0,FALL,0.0166666667,906.0,874.0,1711990.56753195,1522927216.4821274,1754148390934
BTC-HUNT,HUNT,BTC,TRADING,upbit,spot,现货,헌트,HUNT,2.34e-06,FALL,0.0126582278,2.34e-06,2.34e-06,1613.05427305,0.00377455,1753892016338
BTC-PENGU,PENGU,BTC,TRADING,upbit,spot,现货,펏지펭귄,Pudgy Penguins,3e-07,RISE,0.0344827586,3.1e-07,3e-07,41932.74628262,0.01239485,1754148391403
KRW-ANIME,ANIME,KRW,TRADING,upbit,spot,现货,애니메코인,Animecoin,22.6,FALL,0.0044052863,23.0,22.2,96287044.37909234,2169382428.491721,1754148391261
KRW-APT,APT,KRW,TRADING,upbit,spot,现货,앱토스,Aptos,5855.0,FALL,0.0076271186,5980.0,5790.0,581276.01524768,3414776175.335772,1754148390833
BTC-AUCTION,AUCTION,BTC,TRADING,upbit,spot,现货,바운스토큰,Bounce,8.375e-05,EVEN,0.0,8.375e-05,8.375e-05,10.0,0.0008375,1754148390678
KRW-MOCA,MOCA,KRW,TRADING,upbit,spot,现货,모카네트워크,Moca Network,99.1,FALL,0.0378640777,104.0,97.9,21073019.4054052,2137149447.7869656,1754148391231
BTC-WAXP,WAXP,BTC,TRADING,upbit,spot,现货,왁스,WAX,1.9e-07,EVEN,0.0,1.9e-07,1.9e-07,8143.55789473,0.00154728,1753925575490
BTC-MOODENG,MOODENG,BTC,TRADING,upbit,spot,现货,무뎅,Moo Deng,1.4e-06,FALL,0.0789473684,1.42e-06,1.4e-06,3203.48558718,0.00448488,1754115356600
KRW-AHT,AHT,KRW,TRADING,upbit,spot,现货,아하토큰,AhaToken,5.26,RISE,0.0019047619,5.33,5.23,71665356.76473252,377491912.62692136,1754148390521
BTC-OGN,OGN,BTC,TRADING,upbit,spot,现货,오리진프로토콜,Origin Protocol,4.7e-07,FALL,0.0408163265,4.9e-07,4.7e-07,165699.57014198,0.08005711,1754148390495
USDT-NEAR,NEAR,USDT,TRADING,upbit,spot,现货,니어프로토콜,NEAR Protocol,3.013,RISE,0.1909090909,3.013,2.444,0.327,0.985251,1754125556218
BTC-SOL,SOL,BTC,TRADING,upbit,spot,现货,솔라나,Solana,0.00145851,RISE,0.0235014245,0.00145851,0.00142978,439.44164583,0.63012802,1754148390745
USDT-BNT,BNT,USDT,TRADING,upbit,spot,现货,뱅코르,Bancor,0.7425,EVEN,0.0,0.7425,0.7425,5.00154859,3.71364983,1754091116296
BTC-HYPER,HYPER,BTC,TRADING,upbit,spot,现货,하이퍼레인,Hyperlane,3.49e-06,RISE,0.0234604106,3.67e-06,3.31e-06,2918.51001281,0.0103437,1754148391428
BTC-CARV,CARV,BTC,TRADING,upbit,spot,现货,카브,CARV,2.64e-06,RISE,0.0153846154,2.64e-06,2.64e-06,2185.94024978,0.00577088,1753892016349
KRW-EGLD,EGLD,KRW,TRADING,upbit,spot,现货,멀티버스엑스,MultiversX,19410.0,FALL,0.0020565553,19740.0,19190.0,15018.1869501,292478032.8987158,1754148390876
USDT-AGLD,AGLD,USDT,TRADING,upbit,spot,现货,어드벤처골드,Adventure Gold,0.6673,FALL,0.0094997773,0.6737,0.6673,22.47477551,14.9974177,1754142836568
USDT-HYPER,HYPER,USDT,TRADING,upbit,spot,现货,하이퍼레인,Hyperlane,0.4145,FALL,0.0477831381,0.4146,0.4145,24.12545235,10.0,1754087156657
BTC-BNT,BNT,BTC,TRADING,upbit,spot,现货,뱅코르,Bancor,6.05e-06,FALL,0.001650165,6.13e-06,6.05e-06,1182.96191209,0.00720324,1754148390086
KRW-ERA,ERA,KRW,TRADING,upbit,spot,现货,칼데라,Caldera,1323.0,FALL,0.0509325681,1415.0,1276.0,11986320.99518328,16126707984.127901,1754148386611
USDT-SOL,SOL,USDT,TRADING,upbit,spot,现货,솔라나,Solana,164.99,RISE,0.0311875,166.0,161.65,137.01950128,22362.98009012,1754148391024
USDT-SWELL,SWELL,USDT,TRADING,upbit,spot,现货,스웰네트워크,Swell Network,0.007988,FALL,0.0972991298,0.007989,0.007988,680.81324555,5.52862414,1754148391205
USDT-MOODENG,MOODENG,USDT,TRADING,upbit,spot,现货,무뎅,Moo Deng,0.1586,FALL,0.0746791132,0.3485,0.1586,321.68186542,52.16659712,1754148386573
BTC-BORA,BORA,BTC,TRADING,upbit,spot,现货,보라,BORA,8.2e-07,RISE,0.012345679,8.2e-07,8.2e-07,1085.80359835,0.00089036,1754148390444
BTC-DOT,DOT,BTC,TRADING,upbit,spot,现货,폴카닷,Polkadot,3.128e-05,RISE,0.0242305174,3.128e-05,3.128e-05,42.17732939,0.00131931,1754119315568
KRW-NEO,NEO,KRW,TRADING,upbit,spot,现货,네오,NEO,8000.0,FALL,0.0043559428,8170.0,7910.0,332913.61256722,2673343413.8426733,1754148390100
KRW-ETC,ETC,KRW,TRADING,upbit,spot,现货,이더리움클래식,Ethereum Classic,27720.0,RISE,0.0050761421,28040.0,27230.0,343222.6740644,9483111678.38786,1754148390128
KRW-IOTA,IOTA,KRW,TRADING,upbit,spot,现货,아이오타,IOTA,250.0,EVEN,0.0,255.0,246.0,6678995.04856712,1674631898.0152068,1754148390308
KRW-IOST,IOST,KRW,TRADING,upbit,spot,现货,아이오에스티,IOST,5.01,RISE,0.002,5.08,4.95,134784072.2747639,674312981.0727009,1754148390290
KRW-AKT,AKT,KRW,TRADING,upbit,spot,现货,아카시네트워크,Akash Network,1621.0,FALL,0.0024615385,1642.0,1590.0,408156.44329457,662696439.6592594,1754148390962
KRW-COW,COW,KRW,TRADING,upbit,spot,现货,카우프로토콜,CoW Protocol,480.0,FALL,0.028340081,499.0,474.6,556882.04818214,271071722.75041944,1754148391334
BTC-SNX,SNX,BTC,TRADING,upbit,spot,现货,신세틱스,Synthetix,4.9e-06,FALL,0.0040650407,5e-06,4.87e-06,19654.98553005,0.09728981,1754148390726
BTC-SNT,SNT,BTC,TRADING,upbit,spot,现货,스테이터스네트워크토큰,Status Network Token,2.3e-07,FALL,0.0416666667,2.4e-07,2.3e-07,6255.84707548,0.00145144,1754148390083
KRW-VIRTUAL,VIRTUAL,KRW,TRADING,upbit,spot,现货,버추얼프로토콜,Virtuals Protocol,1665.0,FALL,0.0171192444,1710.0,1640.0,3310681.66924188,5543049908.360037,1754148391292
KRW-ETH,ETH,KRW,TRADING,upbit,spot,现货,이더리움,Ethereum,4895000.0,RISE,0.0069944456,4941000.0,4820000.0,82273.46209798,402997722369.7019,1754148390079
BTC-PENDLE,PENDLE,BTC,TRADING,upbit,spot,现货,펜들,Pendle,3.584e-05,FALL,0.0926582278,3.584e-05,3.584e-05,7.84746993,0.00028125,1754110436529
KRW-IQ,IQ,KRW,TRADING,upbit,spot,现货,아이큐,IQ.wiki,4.89,RISE,0.0020491803,5.02,4.83,295230232.2811091,1449084035.197708,1754148390302
USDT-EGLD,EGLD,USDT,TRADING,upbit,spot,现货,멀티버스엑스,MultiversX,18.87,RISE,0.3824175824,18.87,18.87,1.56683305,21.71722566,1754148391172
BTC-DOGE,DOGE,BTC,TRADING,upbit,spot,现货,도지코인,Dogecoin,1.73e-06,FALL,0.0170454545,1.78e-06,1.72e-06,138515.81949942,0.24370765,1754148390085
KRW-NEAR,NEAR,KRW,TRADING,upbit,spot,现货,니어프로토콜,NEAR Protocol,3361.0,FALL,0.0014854427,3420.0,3312.0,1440427.78694735,4848058942.189599,1754148390788
KRW-RVN,RVN,KRW,TRADING,upbit,spot,现货,레이븐코인,Ravencoin,18.6,FALL,0.0053475936,19.0,18.3,87739330.42650111,1635793695.629532,1754148391468
BTC-ZIL,ZIL,BTC,TRADING,upbit,spot,现货,질리카,Zilliqa,1e-07,EVEN,0.0,1e-07,1e-07,38889.77556109,0.00388898,1754066035380
BTC-QTCON,QTCON,BTC,TRADING,upbit,spot,现货,퀴즈톡,Quiztok,1e-08,EVEN,0.0,1e-08,1e-08,131114.21446384,0.00131114,1754148390591
KRW-AGLD,AGLD,KRW,TRADING,upbit,spot,现货,어드벤처골드,Adventure Gold,941.0,FALL,0.0073839662,960.0,930.0,746721.50526661,705811791.1269784,1754148391170
KRW-ID,ID,KRW,TRADING,upbit,spot,现货,스페이스아이디,SPACE ID,221.0,RISE,0.0231481481,230.0,216.0,11622480.42014098,2575710592.7852573,1754148390946
BTC-VAL,VAL,BTC,TRADING,upbit,spot,现货,밸리디티,Validity,7.55e-06,FALL,0.0207522698,8.39e-06,7.25e-06,537312.19452213,4.19293596,1754148390640
USDT-DRIFT,DRIFT,USDT,TRADING,upbit,spot,现货,드리프트,Drift,0.5,FALL,0.1015274034,0.5,0.5,21.0,10.50000001,1754148391166
BTC-WAVES,WAVES,BTC,TRADING,upbit,spot,现货,웨이브,Waves,9.22e-06,RISE,0.0911242604,9.22e-06,9.2e-06,534.70292221,0.00492547,1754148390083
BTC-NEWT,NEWT,BTC,TRADING,upbit,spot,现货,뉴턴프로토콜,Newton Protocol,3.04e-06,FALL,0.0032786885,3.04e-06,3.04e-06,100.0,0.000304,1754148391497
BTC-AAVE,AAVE,BTC,TRADING,upbit,spot,现货,에이브,Aave,0.00220778,FALL,0.0367452007,0.00229246,0.00220775,1.57094989,0.00346831,1754115355792
KRW-WAL,WAL,KRW,TRADING,upbit,spot,现货,월러스,Walrus,526.0,FALL,0.0075471698,544.0,522.0,639918.93397719,340210656.9593107,1754148391355
KRW-PENDLE,PENDLE,KRW,TRADING,upbit,spot,现货,펜들,Pendle,5500.0,RISE,0.0073260073,5610.0,5385.0,319428.72445165,1746309663.0698588,1754148391072
USDT-SONIC,SONIC,USDT,TRADING,upbit,spot,现货,소닉SVM,Sonic SVM,0.244,FALL,0.0393700787,0.244,0.244,2.93473731,0.7160759,1754148391247
USDT-SHELL,SHELL,USDT,TRADING,upbit,spot,现货,마이쉘,MyShell,0.1495,FALL,0.1015625,0.1505,0.1495,0.10480276,0.01566801,1754122556449
KRW-BLUR,BLUR,KRW,TRADING,upbit,spot,现货,블러,Blur,115.0,FALL,0.0086206897,119.0,115.0,35450158.37105121,4140796288.483623,1754148390901
KRW-AWE,AWE,KRW,TRADING,upbit,spot,现货,에이더블유이,AWE Network,69.6,FALL,0.0042918455,71.5,69.0,14653079.70154802,1026761726.8269969,1754148390478
USDT-ARKM,ARKM,USDT,TRADING,upbit,spot,现货,아캄,Arkham,0.4444,FALL,0.0724274682,0.6147,0.4444,24.76332394,11.00482116,1754148391331
BTC-GAS,GAS,BTC,TRADING,upbit,spot,现货,가스,GAS,2.586e-05,FALL,0.0178503608,2.595e-05,2.586e-05,10.82077597,0.00027983,1754095916148
USDT-MEW,MEW,USDT,TRADING,upbit,spot,现货,캣인어독스월드,cat in a dogs world,0.00294,FALL,0.0222813435,0.004137,0.00294,626.56274944,2.15889206,1754148391118
USDT-PUFFER,PUFFER,USDT,TRADING,upbit,spot,现货,퍼퍼,Puffer,0.2023,FALL,0.0278712158,0.2023,0.1752,1941.33858212,385.37654472,1754148391204
KRW-THETA,THETA,KRW,TRADING,upbit,spot,现货,쎄타토큰,Theta Token,1030.0,FALL,0.014354067,1063.0,1018.0,2054583.2200565,2149068287.766928,1754148390356
USDT-UXLINK,UXLINK,USDT,TRADING,upbit,spot,现货,유엑스링크,UXLINK,0.3222,FALL,0.0537444934,0.326,0.3222,1.022511,0.32945304,1754148391098
KRW-AXL,AXL,KRW,TRADING,upbit,spot,现货,엑셀라,Axelar,461.0,FALL,0.0107296137,471.0,456.0,1815033.1035433,840797932.2255185,1754148391474
KRW-HP,HP,KRW,TRADING,upbit,spot,现货,히포프로토콜,Hippo Protocol,63.9,FALL,0.02143951,65.9,63.4,11401433.23796001,734392869.2108095,1754148390663
BTC-MNT,MNT,BTC,TRADING,upbit,spot,现货,맨틀,Mantle,6.78e-06,RISE,0.0134529148,6.95e-06,6.78e-06,41.42987021,0.00028089,1753892016347
KRW-SAND,SAND,KRW,TRADING,upbit,spot,现货,샌드박스,The Sandbox,368.0,FALL,0.0027100271,374.0,362.0,13632047.3006635,5020815268.295378,1754148390659
KRW-WCT,WCT,KRW,TRADING,upbit,spot,现货,월렛커넥트,WalletConnect,412.0,EVEN,0.0,420.0,405.0,6609476.75739253,2717415027.759781,1754148391371
BTC-CTSI,CTSI,BTC,TRADING,upbit,spot,现货,카르테시,Cartesi,5.5e-07,RISE,0.0185185185,5.5e-07,5.5e-07,10277.36219336,0.00561032,1754148390552
BTC-MOC,MOC,BTC,TRADING,upbit,spot,现货,모스코인,Moss Coin,6.5e-07,RISE,0.015625,6.5e-07,6.5e-07,805.33515477,0.00052347,1754032555413
USDT-MOCA,MOCA,USDT,TRADING,upbit,spot,现货,모카네트워크,Moca Network,0.08319,EVEN,0.0,0.08612,0.08319,4871.98638483,406.19126113,1753892016350
KRW-AXS,AXS,KRW,TRADING,upbit,spot,现货,엑시인피니티,Axie Infinity,3078.0,FALL,0.003561023,3141.0,3031.0,391611.76460372,1207321882.2205706,1754148390713
KRW-ARDR,ARDR,KRW,TRADING,upbit,spot,现货,아더,Ardor,128.0,FALL,0.0153846154,130.0,126.0,7192745.34467673,922118835.8214713,1754148390177
BTC-IOTX,IOTX,BTC,TRADING,upbit,spot,现货,아이오텍스,IoTeX,2.6e-07,RISE,0.04,2.6e-07,2.5e-07,412921.47675723,0.10365716,1754148390373
USDT-TAIKO,TAIKO,USDT,TRADING,upbit,spot,现货,타이코,Taiko,0.4578,FALL,0.0657142857,0.4625,0.4578,15.17171444,6.98321087,1754044736188
KRW-AQT,AQT,KRW,TRADING,upbit,spot,现货,알파쿼크,Alpha Quark Token,1546.0,FALL,0.0057877814,1572.0,1532.0,1029248.86850746,1593418022.150015,1754148390609
KRW-ME,ME,KRW,TRADING,upbit,spot,现货,매직에덴,Magic Eden,1014.0,FALL,0.0049067713,1032.0,1001.0,1411782.89503644,1431563631.1611743,1754148391222
KRW-SONIC,SONIC,KRW,TRADING,upbit,spot,现货,소닉SVM,Sonic SVM,292.0,EVEN,0.0,296.0,288.0,3825774.62826394,1115869755.3902187,1754148391246
USDT-NXPC,NXPC,USDT,TRADING,upbit,spot,现货,넥스페이스,Nexpace,0.8969,FALL,0.0776429453,0.9035,0.8969,4.76183544,4.2752513,1754093396622
BTC-MLK,MLK,BTC,TRADING,upbit,spot,现货,밀크,MiL.k,1.33e-06,FALL,0.0362318841,1.35e-06,1.33e-06,832.829778,0.00110766,1754148390466
BTC-ALGO,ALGO,BTC,TRADING,upbit,spot,现货,알고랜드,Algorand,2.08e-06,RISE,0.0048309179,2.08e-06,2.08e-06,813.62858572,0.00169235,1754148390570
BTC-ANKR,ANKR,BTC,TRADING,upbit,spot,现货,앵커,Ankr,1.3e-07,EVEN,0.0,1.3e-07,1.3e-07,54448.04651162,0.00707825,1754148390379
KRW-ARB,ARB,KRW,TRADING,upbit,spot,现货,아비트럼,Arbitrum,527.0,EVEN,0.0,536.0,513.0,10611827.08591329,5580291843.857617,1754148390873
BTC-SXP,SXP,BTC,TRADING,upbit,spot,现货,솔라,SXP,1.73e-06,EVEN,0.0,1.73e-06,1.73e-06,71.32667617,0.0001234,1753892016338
KRW-POL,POL,KRW,TRADING,upbit,spot,现货,폴리곤에코시스템토큰,Polygon Ecosystem Token,276.0,EVEN,0.0,280.0,272.0,12019023.79799932,3307538314.518636,1754148390753
KRW-CVC,CVC,KRW,TRADING,upbit,spot,现货,시빅,Civic,128.0,EVEN,0.0,132.0,126.0,5933248.8314608,764037206.0158055,1754148390296
KRW-T,T,KRW,TRADING,upbit,spot,现货,쓰레스홀드,Threshold,22.7,FALL,0.0087336245,23.4,22.4,107365896.66080518,2467072113.9499335,1754148390809
KRW-W,W,KRW,TRADING,upbit,spot,现货,웜홀,Wormhole,102.0,FALL,0.0192307692,106.0,101.0,20365111.44444,2101962904.3877697,1754148391123
KRW-ARK,ARK,KRW,TRADING,upbit,spot,现货,아크,Ark,594.0,RISE,0.0016863406,600.0,584.0,1499091.89027837,888601888.8219644,1754148390183
BTC-SUN,SUN,BTC,TRADING,upbit,spot,现货,썬,SUN,1.9e-07,RISE,0.0555555556,1.9e-07,1.8e-07,1520218.60241956,0.28860927,1754148390580
KRW-HYPER,HYPER,KRW,TRADING,upbit,spot,现货,하이퍼레인,Hyperlane,542.0,FALL,0.0091407678,599.0,524.0,58936013.67482773,33385680720.269714,1754148391241
BTC-LAYER,LAYER,BTC,TRADING,upbit,spot,现货,솔레이어,Solayer,5.46e-06,RISE,0.0459770115,5.46e-06,5.46e-06,141.53410147,0.00077278,1754148391312
BTC-ARPA,ARPA,BTC,TRADING,upbit,spot,现货,알파,ARPA,1.9e-07,RISE,0.0555555556,1.9e-07,1.9e-07,6248.96825175,0.00113013,1754148390816
KRW-ATH,ATH,KRW,TRADING,upbit,spot,现货,에이셔,Aethir,41.4,FALL,0.0372093023,43.5,41.3,51501772.69984345,2192163812.338128,1754148391080
USDT-BTC,BTC,USDT,TRADING,upbit,spot,现货,비트코인,Bitcoin,113628.51,RISE,0.0055620354,114468.63,113000.0,1.90150739,216137.37623896,1754148390090
BTC-IOST,IOST,BTC,TRADING,upbit,spot,现货,아이오에스티,IOST,3e-08,EVEN,0.0,3e-08,3e-08,10728.0662826,0.00032184,1754148390350
KRW-TAIKO,TAIKO,KRW,TRADING,upbit,spot,现货,타이코,Taiko,576.0,FALL,0.0187393526,592.0,567.0,1595466.92446951,926788825.8749523,1754148390993
BTC-TRUMP,TRUMP,BTC,TRADING,upbit,spot,现货,오피셜트럼프,Official Trump,7.571e-05,FALL,0.025862069,8.121e-05,7.571e-05,56.13072221,0.00424966,1754148391325
BTC-RENDER,RENDER,BTC,TRADING,upbit,spot,现货,렌더토큰,Render Token,3.053e-05,RISE,0.0032862307,3.143e-05,3.053e-05,244.96003481,0.00747801,1754148390803
BTC-RAD,RAD,BTC,TRADING,upbit,spot,现货,래드웍스,Radworks,5.36e-06,FALL,0.0037174721,5.64e-06,5.36e-06,451.89021367,0.00244487,1754148390814
KRW-AVAX,AVAX,KRW,TRADING,upbit,spot,现货,아발란체,Avalanche,30100.0,RISE,0.0033333333,30460.0,29620.0,178005.26752832,5352117471.75588,1754148390802
USDT-ONDO,ONDO,USDT,TRADING,upbit,spot,现货,온도파이낸스,Ondo Finance,0.901,FALL,0.0022148394,0.901,0.901,4478.41302348,4025.89466661,1754148391021
BTC-EGLD,EGLD,BTC,TRADING,upbit,spot,现货,멀티버스엑스,MultiversX,0.0001236,EVEN,0.0,0.0001236,0.0001236,0.08138834,1.006e-05,1754095915987
BTC-GO,GO,BTC,TRADING,upbit,spot,现货,고체인,GoChain,1e-08,FALL,0.5,2e-08,1e-08,52330.17456358,0.00078495,1754148390309
BTC-INTER,INTER,BTC,TRADING,upbit,spot,现货,인터밀란,Inter Milan Fan Token,4.59e-06,FALL,0.0670731707,4.88e-06,4.59e-06,1703.74794479,0.00802937,1754148390836
BTC-GLM,GLM,BTC,TRADING,upbit,spot,现货,골렘,Golem,2e-06,FALL,0.0783410138,2.05e-06,2e-06,3027.55638378,0.00613116,1754148390610
KRW-IMX,IMX,KRW,TRADING,upbit,spot,现货,이뮤터블엑스,Immutable X,684.0,FALL,0.0058139535,704.0,671.0,1987715.02235085,1371577745.678798,1754148390907
BTC-RAY,RAY,BTC,TRADING,upbit,spot,现货,레이디움,Raydium,2.25e-05,FALL,0.0127248793,2.289e-05,2.25e-05,1504.81898455,0.03416868,1754148390824
BTC-ZRO,ZRO,BTC,TRADING,upbit,spot,现货,레이어제로,LayerZero,1.479e-05,FALL,0.0276134122,1.499e-05,1.479e-05,460.64041548,0.00688743,1754148391030
USDT-VIRTUAL,VIRTUAL,USDT,TRADING,upbit,spot,现货,버추얼프로토콜,Virtuals Protocol,1.19,FALL,0.1126025354,1.201,1.19,23.05147058,27.43124999,1754142836727
USDT-TRUMP,TRUMP,USDT,TRADING,upbit,spot,现货,오피셜트럼프,Official Trump,9.24,RISE,0.0823474288,9.3,8.61,245.96909219,2169.26715603,1754148391325
KRW-SC,SC,KRW,TRADING,upbit,spot,现货,시아코인,Siacoin,4.46,FALL,0.0610526316,4.92,4.42,4150035695.485635,19513154363.06627,1754148390250
KRW-INJ,INJ,KRW,TRADING,upbit,spot,现货,인젝티브,Injective,17440.0,FALL,0.0090909091,17920.0,17190.0,118449.22310699,2082525653.292497,1754148391137
BTC-PUNDIAI,PUNDIAI,BTC,TRADING,upbit,spot,现货,펀디에이아이,Pundi AI,5.44e-05,FALL,0.0414096916,6.596e-05,5.217e-05,104856.74391603,6.1948137,1754148390495
KRW-MVL,MVL,KRW,TRADING,upbit,spot,现货,엠블,MVL,4.42,FALL,0.0155902004,4.53,4.37,96686675.75505547,430597224.577405,1754148390595
USDT-MNT,MNT,USDT,TRADING,upbit,spot,现货,맨틀,Mantle,0.6944,FALL,0.1008675385,0.7723,0.6944,431.07542479,331.28341301,1754148390958
BTC-ZRX,ZRX,BTC,TRADING,upbit,spot,现货,제로엑스,0x Protocol,2.01e-06,FALL,0.1222707424,2.03e-06,2.01e-06,313.43283582,0.00063,1754148390210
BTC-HP,HP,BTC,TRADING,upbit,spot,现货,히포프로토콜,Hippo Protocol,4e-07,FALL,0.0243902439,4e-07,4e-07,2763.48685961,0.00110539,1754148390649
BTC-IO,IO,BTC,TRADING,upbit,spot,现货,아이오넷,io.net,5.15e-06,RISE,0.0038986355,6.14e-06,5.13e-06,10606.77964284,0.05711753,1754148391390
KRW-HIVE,HIVE,KRW,TRADING,upbit,spot,现货,하이브,Hive,296.0,FALL,0.0100334448,304.0,293.0,2432041.94392973,724749318.9331758,1754148390511
BTC-IMX,IMX,BTC,TRADING,upbit,spot,现货,이뮤터블엑스,Immutable X,4.44e-06,FALL,0.0089285714,4.44e-06,4.44e-06,1307.07690233,0.00580342,1754093516106
BTC-CITY,CITY,BTC,TRADING,upbit,spot,现货,맨체스터시티,Manchester City Fan Token,8.87e-06,RISE,0.0950617284,9.05e-06,7.67e-06,1757.34851669,0.01534654,1754148390835
BTC-ID,ID,BTC,TRADING,upbit,spot,现货,스페이스아이디,SPACE ID,1.38e-06,FALL,0.0212765957,1.42e-06,1.38e-06,10377.92599461,0.01445414,1754148390927
USDT-LAYER,LAYER,USDT,TRADING,upbit,spot,现货,솔레이어,Solayer,0.61,RISE,0.0166666667,0.61,0.609,1.1758225,0.71625173,1754148391313
KRW-CBK,CBK,KRW,TRADING,upbit,spot,现货,코박토큰,Cobak Token,821.0,FALL,0.021454112,851.0,813.8,1049004.36164863,873992919.2979728,1754148390648
KRW-OM,OM,KRW,TRADING,upbit,spot,现货,만트라,MANTRA,332.0,RISE,0.009118541,336.0,322.0,11262512.68927689,3742205828.9989433,1754148391423
BTC-CELO,CELO,BTC,TRADING,upbit,spot,现货,셀로,Celo,2.74e-06,FALL,0.0616438356,2.74e-06,2.74e-06,190.0839416,0.00052083,1754148390649
BTC-INJ,INJ,BTC,TRADING,upbit,spot,现货,인젝티브,Injective,0.00010899,FALL,0.0176656151,0.0001107,0.00010899,103.099555,0.01140335,1754148390636
USDT-GAS,GAS,USDT,TRADING,upbit,spot,现货,가스,GAS,2.988,EVEN,0.0,2.988,2.988,25.27465123,75.52065788,1754148391023
KRW-XLM,XLM,KRW,TRADING,upbit,spot,现货,스텔라루멘,Lumen,526.0,FALL,0.0149812734,547.0,523.0,35784447.34736789,19209017290.37912,1754148390171
KRW-OP,OP,KRW,TRADING,upbit,spot,现货,옵티미즘,Optimism,893.0,FALL,0.0132596685,915.0,879.0,4943146.25827344,4429895410.584748,1754148386635
BTC-MVL,MVL,BTC,TRADING,upbit,spot,现货,엠블,MVL,2e-08,EVEN,0.0,2e-08,2e-08,42581.85086869,0.00085164,1754031415737
BTC-IQ,IQ,BTC,TRADING,upbit,spot,现货,아이큐,IQ.wiki,3e-08,EVEN,0.0,3e-08,3e-08,13310.30156479,0.00039931,1754148390663
BTC-CBK,CBK,BTC,TRADING,upbit,spot,现货,코박토큰,Cobak Token,5.16e-06,FALL,0.0532110092,5.16e-06,5.16e-06,120.23498062,0.00062041,1754148390642
USDT-W,W,USDT,TRADING,upbit,spot,现货,웜홀,Wormhole,0.07401,RISE,0.0194214876,0.07401,0.07401,220.25602191,16.10735873,1754148391123
KRW-SAFE,SAFE,KRW,TRADING,upbit,spot,现货,세이프,Safe,570.0,FALL,0.0155440415,587.0,567.0,673379.07526176,388427228.5641626,1754148391159
KRW-GLM,GLM,KRW,TRADING,upbit,spot,现货,골렘,Golem,332.0,FALL,0.0206489676,342.0,328.0,4795921.8106371,1612642036.8633862,1754148390617
BTC-XLM,XLM,BTC,TRADING,upbit,spot,现货,스텔라루멘,Lumen,3.31e-06,FALL,0.0235988201,3.37e-06,3.31e-06,1819.52066259,0.00619363,1754148390086
BTC-CYBER,CYBER,BTC,TRADING,upbit,spot,现货,사이버,Cyber,1.383e-05,FALL,0.0028839221,1.424e-05,1.367e-05,73428.41698896,1.0237659,1754148390921
BTC-MOCA,MOCA,BTC,TRADING,upbit,spot,现货,모카네트워크,Moca Network,6.6e-07,FALL,0.0434782609,6.6e-07,6.5e-07,1380.4796,0.00091112,1754148391232
BTC-API3,API3,BTC,TRADING,upbit,spot,现货,에이피아이쓰리,API3,5.82e-06,FALL,0.0051282051,5.9e-06,5.82e-06,15710.5066472,0.09228767,1754148390815
USDT-OXT,OXT,USDT,TRADING,upbit,spot,现货,오키드,Orchid,0.05707,FALL,0.028099455,0.05707,0.05707,175.22340984,10.0,1753988756214
BTC-1INCH,1INCH,BTC,TRADING,upbit,spot,现货,1인치네트워크,1inch Network,2.31e-06,FALL,0.0454545455,2.35e-06,2.31e-06,274.4750826,0.00063404,1753892016342
BTC-FLOW,FLOW,BTC,TRADING,upbit,spot,现货,플로우,Flow,3.03e-06,FALL,0.0350318471,3.12e-06,3.03e-06,1886.73723137,0.00580374,1754148390678
USDT-HAEDAL,HAEDAL,USDT,TRADING,upbit,spot,现货,해달프로토콜,Haedal Protocol,0.1386,FALL,0.0375,0.1436,0.1386,2013.47038906,279.06699592,1754116197287
KRW-POKT,POKT,KRW,TRADING,upbit,spot,现货,포켓네트워크,Pocket Network,53.1,FALL,0.0310218978,55.5,52.4,53905581.89378766,2912458078.9998446,1754148391460
BTC-LA,LA,BTC,TRADING,upbit,spot,现货,라그랑주,Lagrange,2.97e-06,RISE,0.0384615385,2.99e-06,2.86e-06,756337.78056552,2.2036724,1754148391462
BTC-MTL,MTL,BTC,TRADING,upbit,spot,现货,메탈,Metal,6.19e-06,EVEN,0.0,6.19e-06,6.19e-06,20.8,0.00012875,1754148390323
BTC-VET,VET,BTC,TRADING,upbit,spot,现货,비체인,VeChain,2e-07,EVEN,0.0,2e-07,2e-07,647.52766649,0.00012951,1754148390479
BTC-POWR,POWR,BTC,TRADING,upbit,spot,现货,파워렛저,Power ledger,1.43e-06,FALL,0.0337837838,1.45e-06,1.43e-06,170.21083654,0.0002434,1754121955205
BTC-ATOM,ATOM,BTC,TRADING,upbit,spot,现货,코스모스,Cosmos,3.59e-05,FALL,0.0204638472,3.665e-05,3.59e-05,555.62999593,0.02015989,1754148390437
BTC-ARKM,ARKM,BTC,TRADING,upbit,spot,现货,아캄,Arkham,3.98e-06,FALL,0.0744186047,3.98e-06,3.98e-06,107.954263,0.00042966,1754148391330
BTC-SONIC,SONIC,BTC,TRADING,upbit,spot,现货,소닉SVM,Sonic SVM,1.82e-06,RISE,0.0055248619,1.82e-06,1.82e-06,459.55882353,0.0008364,1754148391247
BTC-OXT,OXT,BTC,TRADING,upbit,spot,现货,오키드,Orchid,4.8e-07,RISE,0.0434782609,4.8e-07,4.6e-07,170172.9243645,0.07842205,1754148390575
USDT-ASTR,ASTR,USDT,TRADING,upbit,spot,现货,아스타,Astar,0.02205,FALL,0.0371179039,0.02872,0.02205,636.3665173,14.21402267,1754148391172
KRW-KNC,KNC,KRW,TRADING,upbit,spot,现货,카이버네트워크,Kyber Network,584.0,FALL,0.0034129693,592.0,576.0,2777863.42355796,1623899825.8650978,1754148390341
BTC-NXPC,NXPC,BTC,TRADING,upbit,spot,现货,넥스페이스,Nexpace,7.76e-06,RISE,0.0458221024,7.76e-06,7.76e-06,40.30242943,0.00031275,1754148391412
KRW-AUCTION,AUCTION,KRW,TRADING,upbit,spot,现货,바운스토큰,Bounce,13420.0,RISE,0.0067516879,13600.0,13220.0,90887.92792274,1215694378.0101979,1754148390977
BTC-ME,ME,BTC,TRADING,upbit,spot,现货,매직에덴,Magic Eden,6.27e-06,FALL,0.0485584219,6.27e-06,6.27e-06,221.71339823,0.00139014,1754106776312
KRW-DRIFT,DRIFT,KRW,TRADING,upbit,spot,现货,드리프트,Drift,702.0,FALL,0.0042553191,714.0,694.0,1150739.96309956,809920623.5628601,1754148391165
BTC-SHELL,SHELL,BTC,TRADING,upbit,spot,现货,마이쉘,MyShell,1.27e-06,FALL,0.0378787879,1.35e-06,1.26e-06,107423.35095343,0.14100372,1754148391372
KRW-FCT2,FCT2,KRW,TRADING,upbit,spot,现货,피르마체인,FirmaChain,41.3,FALL,0.0372960373,45.5,40.7,220022045.36520278,9505788302.160673,1754148390634
USDT-SAHARA,SAHARA,USDT,TRADING,upbit,spot,现货,사하라에이아이,Sahara AI,0.0803,EVEN,0.0,0.0803,0.0803,10671.10434782,856.88967913,1754112896716
KRW-MTL,MTL,KRW,TRADING,upbit,spot,现货,메탈,Metal,989.0,FALL,0.0030241935,1008.0,979.0,411849.57656612,407958800.53712535,1754148390104
KRW-VET,VET,KRW,TRADING,upbit,spot,现货,비체인,VeChain,31.3,FALL,0.0063492063,32.3,31.0,54094599.71843031,1710300209.320463,1754148390490
BTC-TAIKO,TAIKO,BTC,TRADING,upbit,spot,现货,타이코,Taiko,3.81e-06,FALL,0.0569306931,3.81e-06,3.81e-06,502.98455681,0.00191637,1754010002787
BTC-SPURS,SPURS,BTC,TRADING,upbit,spot,现货,토트넘홋스퍼,Tottenham Hotspur,4.04e-06,EVEN,0.0,4.21e-06,4.04e-06,5701.34887311,0.02303682,1754148390939
KRW-QTUM,QTUM,KRW,TRADING,upbit,spot,现货,퀀텀,Qtum,2876.0,RISE,0.0123196058,2906.0,2824.0,502084.70005206,1435939203.5211802,1754148390149
KRW-TT,TT,KRW,TRADING,upbit,spot,现货,썬더코어,ThunderCore,3.94,FALL,0.0100502513,4.03,3.93,172858208.2101209,690630245.1558231,1754148390428
KRW-LINK,LINK,KRW,TRADING,upbit,spot,现货,체인링크,Chainlink,22360.0,FALL,0.0017857143,22710.0,22050.0,438181.25891494,9835318407.732439,1754148390533
KRW-XRP,XRP,KRW,TRADING,upbit,spot,现货,엑스알피(리플),XRP,4052.0,FALL,0.017935046,4210.0,4036.0,134460269.43321446,555996809978.1378,1754148391285
KRW-CHZ,CHZ,KRW,TRADING,upbit,spot,现货,칠리즈,Chiliz,52.7,EVEN,0.0,53.3,51.8,11608239.40982933,610020020.4062096,1754148390500
KRW-ASTR,ASTR,KRW,TRADING,upbit,spot,现货,아스타,Astar,31.9,RISE,0.0063091483,32.2,31.3,22152623.4150984,702765727.1138846,1754148390939
USDT-POKT,POKT,USDT,TRADING,upbit,spot,现货,포켓네트워크,Pocket Network,0.03886,FALL,0.0221439356,0.03915,0.03886,3840.5581777,150.29838871,1754148390954
BTC-GTC,GTC,BTC,TRADING,upbit,spot,现货,깃코인,Gitcoin,2.33e-06,FALL,0.0251046025,2.39e-06,2.28e-06,124943.19035263,0.29041472,1754148390789
USDT-RAY,RAY,USDT,TRADING,upbit,spot,现货,레이디움,Raydium,2.537,FALL,0.1000354736,2.537,2.537,6.82507592,17.31521761,1754148391486
BTC-NAP,NAP,BTC,TRADING,upbit,spot,现货,나폴리,Napoli Fan Token,6.97e-06,EVEN,0.0,6.97e-06,5.7e-06,7383.33425807,0.0472959,1754148390836
USDT-SAFE,SAFE,USDT,TRADING,upbit,spot,现货,세이프,Safe,0.4062,FALL,0.0797462619,0.4062,0.4062,48.11751321,19.54533387,1754148391160
USDT-RAD,RAD,USDT,TRADING,upbit,spot,现货,래드웍스,Radworks,0.6602,RISE,0.1025384102,0.6663,0.6415,121.79047704,80.40607294,1753892016349
KRW-STORJ,STORJ,KRW,TRADING,upbit,spot,现货,스토리지,Storj,360.0,FALL,0.0082644628,367.0,355.0,974922.08497778,351664247.3682197,1754148390188
BTC-AHT,AHT,BTC,TRADING,upbit,spot,现货,아하토큰,AhaToken,3e-08,EVEN,0.0,3e-08,3e-08,17478.67,0.00052436,1754148390502
KRW-ENA,ENA,KRW,TRADING,upbit,spot,现货,에테나,Ethena,764.0,FALL,0.0556242274,832.0,740.0,158135348.87783673,124975381448.4998,1754148390241
KRW-MANA,MANA,KRW,TRADING,upbit,spot,现货,디센트럴랜드,Decentraland,381.0,FALL,0.0052219321,388.0,375.0,2872747.36712021,1096460694.9247963,1754148390402
KRW-GRS,GRS,KRW,TRADING,upbit,spot,现货,그로스톨코인,Groestlcoin,419.0,FALL,0.018735363,431.0,416.0,1085023.88967311,459269186.63691276,1754148390191
KRW-PYTH,PYTH,KRW,TRADING,upbit,spot,现货,피스네트워크,Pyth Network,154.0,FALL,0.0064516129,158.0,151.0,7555948.4018044,1166423175.0326347,1754148390953
USDT-XLM,XLM,USDT,TRADING,upbit,spot,现货,스텔라루멘,Lumen,0.3738,FALL,0.0092764378,0.3979,0.3738,29.05393036,10.95365332,1754148391174
KRW-UXLINK,UXLINK,KRW,TRADING,upbit,spot,现货,유엑스링크,UXLINK,452.0,FALL,0.0044052863,459.0,446.0,5759943.88074852,2607003230.0378036,1754148391098
USDT-INJ,INJ,USDT,TRADING,upbit,spot,现货,인젝티브,Injective,12.49,EVEN,0.0,12.49,12.49,2.56204963,31.99999988,1754148391138
BTC-SAND,SAND,BTC,TRADING,upbit,spot,现货,샌드박스,The Sandbox,2.31e-06,FALL,0.0796812749,2.31e-06,2.31e-06,1137.30378546,0.00262717,1754141695575
KRW-ENS,ENS,KRW,TRADING,upbit,spot,现货,이더리움네임서비스,Ethereum Name Service,35380.0,RISE,0.0028344671,36070.0,34800.0,524950.39968613,18568426717.171593,1754148391063
KRW-GRT,GRT,KRW,TRADING,upbit,spot,现货,더그래프,The Graph,125.0,FALL,0.0157480315,129.0,124.0,17638520.39291324,2224596992.71409,1754148390894
BTC-AFC,AFC,BTC,TRADING,upbit,spot,现货,아스날,Arsenal Fan Token,3.7e-06,FALL,0.0080428954,3.7e-06,3.48e-06,217.17858828,0.0007634,1754148390834
BTC-ENA,ENA,BTC,TRADING,upbit,spot,现货,에테나,Ethena,5.08e-06,FALL,0.0097465887,5.2e-06,5.08e-06,5306.15607326,0.02721799,1754148386599
BTC-BLUR,BLUR,BTC,TRADING,upbit,spot,现货,블러,Blur,7.3e-07,FALL,0.0641025641,7.3e-07,7.3e-07,2613.34895833,0.00190774,1754137675793
KRW-XTZ,XTZ,KRW,TRADING,upbit,spot,现货,테조스,Tezos,1045.0,FALL,0.0066539924,1064.0,1029.0,1303328.68480731,1369259892.5597205,1754148390540
BTC-TUSD,TUSD,BTC,TRADING,upbit,spot,现货,트루USD,TrueUSD,8.58e-06,RISE,0.0035087719,8.73e-06,8.58e-06,475.39393848,0.00413962,1754148390211
KRW-CKB,CKB,KRW,TRADING,upbit,spot,现货,너보스,Nervos Network,7.48,RISE,0.0067294751,8.05,7.21,3030651145.2719893,23177784342.734756,1754148391116
BTC-ENJ,ENJ,BTC,TRADING,upbit,spot,现货,엔진코인,Enjin,5.8e-07,EVEN,0.0,5.9e-07,5.8e-07,8564.94180883,0.00498793,1754148390310
BTC-GRT,GRT,BTC,TRADING,upbit,spot,现货,더그래프,The Graph,7.9e-07,EVEN,0.0,7.9e-07,7.9e-07,8337.06858791,0.00658628,1754148390725
BTC-GRS,GRS,BTC,TRADING,upbit,spot,现货,그로스톨코인,Groestlcoin,2.61e-06,FALL,0.043956044,2.61e-06,2.61e-06,650.80948168,0.00169861,1754148390087
BTC-ENS,ENS,BTC,TRADING,upbit,spot,现货,이더리움네임서비스,Ethereum Name Service,0.00022149,RISE,0.0232848233,0.00023395,0.00021647,360.1892742,0.07844324,1754148390816
BTC-XTZ,XTZ,BTC,TRADING,upbit,spot,现货,테조스,Tezos,6.72e-06,EVEN,0.0,6.72e-06,6.72e-06,4.0,2.688e-05,1754093515677
KRW-KAVA,KAVA,KRW,TRADING,upbit,spot,现货,카바,Kava,532.0,FALL,0.0037453184,537.0,525.0,1836127.20937727,976647167.027238,1754148390516
BTC-CKB,CKB,BTC,TRADING,upbit,spot,现货,너보스,Nervos Network,4e-08,EVEN,0.0,5e-08,4e-08,766579.00670935,0.03141846,1754148391116
BTC-ARDR,ARDR,BTC,TRADING,upbit,spot,现货,아더,Ardor,7.9e-07,FALL,0.0125,7.9e-07,7.9e-07,2000.75954198,0.0015806,1754148390086
BTC-TIA,TIA,BTC,TRADING,upbit,spot,现货,셀레스티아,Celestia,1.414e-05,FALL,0.0248275862,2.87e-05,1.284e-05,4331.17295076,0.06277877,1754148391389
KRW-ZRO,ZRO,KRW,TRADING,upbit,spot,现货,레이어제로,LayerZero,2374.0,FALL,0.0058626466,2434.0,2341.0,618345.6746553,1469132129.4199538,1754148391030
BTC-ACM,ACM,BTC,TRADING,upbit,spot,现货,AC밀란,AC Milan Fan Token,7.9e-06,FALL,0.0125,7.91e-06,7.9e-06,429.56357451,0.00339411,1754148390833
BTC-REI,REI,BTC,TRADING,upbit,spot,现货,레이,REI,1.6e-07,FALL,0.0588235294,1.7e-07,1.5e-07,6267235.035125,1.02106943,1754148390596
BTC-KAITO,KAITO,BTC,TRADING,upbit,spot,现货,카이토,KAITO,1.025e-05,FALL,0.1048034934,1.025e-05,1.025e-05,93.96639705,0.00096316,1754148391342
BTC-RED,RED,BTC,TRADING,upbit,spot,现货,레드스톤,RedStone,2.86e-06,FALL,0.023890785,2.94e-06,2.86e-06,5596.80759422,0.01609925,1754148391429
KRW-RAY,RAY,KRW,TRADING,upbit,spot,现货,레이디움,Raydium,3609.0,FALL,0.0019358407,3691.0,3568.0,93651.67029166,341040357.37704194,1754148391486
BTC-ACS,ACS,BTC,TRADING,upbit,spot,现货,액세스프로토콜,Access Protocol,1e-08,EVEN,0.0,2e-08,1e-08,12377878.61591899,0.12380878,1754148390856
KRW-ONDO,ONDO,KRW,TRADING,upbit,spot,现货,온도파이낸스,Ondo Finance,1235.0,FALL,0.0040322581,1270.0,1220.0,20321018.51306893,25302691182.757973,1754148391020
BTC-NEAR,NEAR,BTC,TRADING,upbit,spot,现货,니어프로토콜,NEAR Protocol,2.132e-05,RISE,0.0032941176,2.132e-05,2.132e-05,348.09155531,0.00742131,1754148390678
USDT-ADA,ADA,USDT,TRADING,upbit,spot,现货,에이다,Ada,0.7232,FALL,0.0641821946,0.74,0.7,2617.5155325,1853.71075999,1754148390209
BTC-ADA,ADA,BTC,TRADING,upbit,spot,现货,에이다,Ada,6.23e-06,FALL,0.0063795853,6.27e-06,6.23e-06,3695.8960072,0.02304275,1754148390205
BTC-ELF,ELF,BTC,TRADING,upbit,spot,现货,엘프,aelf,1.82e-06,FALL,0.0108695652,1.82e-06,1.82e-06,261.23692658,0.00047545,1754007055426
KRW-ZRX,ZRX,KRW,TRADING,upbit,spot,现货,제로엑스,0x Protocol,321.0,FALL,0.0061919505,329.0,316.0,1378084.03236062,442084466.28888273,1754148390268
USDT-GO,GO,USDT,TRADING,upbit,spot,现货,고체인,GoChain,0.001999,RISE,0.1758823529,0.001999,0.001601,267627.96016644,475.43186371,1754148391413
BTC-AGLD,AGLD,BTC,TRADING,upbit,spot,现货,어드벤처골드,Adventure Gold,5.82e-06,FALL,0.0283806344,5.95e-06,5.82e-06,34.06213124,0.00019824,1754142896118
BTC-CHR,CHR,BTC,TRADING,upbit,spot,现货,크로미아,Chromia,7.4e-07,FALL,0.0263157895,7.6e-07,7.3e-07,2137.76382908,0.00160614,1754148390547
USDT-TIA,TIA,USDT,TRADING,upbit,spot,现货,셀레스티아,Celestia,2.392,RISE,0.495,2.396,2.392,38.75293173,85.59880944,1754148391390
BTC-KERNEL,KERNEL,BTC,TRADING,upbit,spot,现货,커널다오,KernelDAO,1.6e-06,FALL,0.0857142857,1.77e-06,1.58e-06,1075848.02801535,1.85252804,1754148391425
USDT-ACS,ACS,USDT,TRADING,upbit,spot,现货,액세스프로토콜,Access Protocol,0.001102,EVEN,0.0,0.001111,0.001102,151636.875,167.13649188,1754148391412
USDT-RED,RED,USDT,TRADING,upbit,spot,现货,레드스톤,RedStone,0.3364,FALL,0.0388571429,0.35,0.3019,2836.01769198,933.89657234,1754148391430
KRW-GMT,GMT,KRW,TRADING,upbit,spot,现货,스테픈,Stepn,60.2,RISE,0.0016638935,61.3,59.1,25250717.72377461,1518605487.1586382,1754148390823
BTC-CHZ,CHZ,BTC,TRADING,upbit,spot,现货,칠리즈,Chiliz,3.3e-07,EVEN,0.0,3.3e-07,3.3e-07,477.01703296,0.00015741,1754148390483
BTC-BIGTIME,BIGTIME,BTC,TRADING,upbit,spot,现货,빅타임,Big Time,5.6e-07,FALL,0.0666666667,5.9e-07,5.6e-07,2911.23571515,0.00163029,1753892016347
BTC-XRP,XRP,BTC,TRADING,upbit,spot,现货,엑스알피(리플),XRP,2.546e-05,FALL,0.0211457132,2.659e-05,2.546e-05,15080.2441716,0.38989695,1754148390081
KRW-TFUEL,TFUEL,KRW,TRADING,upbit,spot,现货,쎄타퓨엘,Theta Fuel,51.4,FALL,0.0228136882,58.4,50.9,531182738.9955527,29538834148.968758,1754148390395
BTC-QTUM,QTUM,BTC,TRADING,upbit,spot,现货,퀀텀,Qtum,1.8e-05,RISE,0.0158013544,1.8e-05,1.8e-05,220.19726185,0.00391648,1754148390084
BTC-GMT,GMT,BTC,TRADING,upbit,spot,现货,스테픈,Stepn,4.3e-07,EVEN,0.0,4.3e-07,4.3e-07,158.87077352,6.831e-05,1753892016344
BTC-AUDIO,AUDIO,BTC,TRADING,upbit,spot,现货,오디우스,Audius,5.3e-07,EVEN,0.0,5.3e-07,5.3e-07,293768.91842627,0.16544014,1754148390778
KRW-MASK,MASK,KRW,TRADING,upbit,spot,现货,마스크네트워크,Mask Network,1699.0,RISE,0.0083086053,1717.0,1666.0,508624.19926165,858300852.7060741,1754148390855
BTC-FCT2,FCT2,BTC,TRADING,upbit,spot,现货,피르마체인,FirmaChain,2.6e-07,EVEN,0.0,2.6e-07,2.6e-07,9453.80953965,0.00245799,1754148390618
USDT-ZETA,ZETA,USDT,TRADING,upbit,spot,现货,제타체인,ZetaChain,0.1915,RISE,0.0886867538,0.1915,0.1915,41.393465,7.41692645,1754148390969
KRW-COMP,COMP,KRW,TRADING,upbit,spot,现货,컴파운드,Compound,62100.0,RISE,0.0097560976,62950.0,60900.0,7430.98800289,457225928.60106,1754148391359
KRW-ZETA,ZETA,KRW,TRADING,upbit,spot,现货,제타체인,ZetaChain,252.0,FALL,0.0078740157,258.0,248.0,4085136.75630175,1033242659.4085051,1754148390968
KRW-TIA,TIA,KRW,TRADING,upbit,spot,现货,셀레스티아,Celestia,2257.0,FALL,0.0008853475,2303.0,2221.0,535119.32093246,1209652842.9076335,1754148391389
USDT-QTCON,QTCON,USDT,TRADING,upbit,spot,现货,퀴즈톡,Quiztok,0.0002885,FALL,0.1709770115,0.0003466,0.0002872,7427891.60986616,2172.12486109,1754148391414
USDT-ZRX,ZRX,USDT,TRADING,upbit,spot,现货,제로엑스,0x Protocol,0.228,FALL,0.0547263682,0.2342,0.228,5.09107743,1.16076565,1754148390333
KRW-ADA,ADA,KRW,TRADING,upbit,spot,现货,에이다,Ada,992.0,FALL,0.0040160643,1015.0,985.0,28827149.12624888,28790635472.108883,1754148390204
KRW-ELF,ELF,KRW,TRADING,upbit,spot,现货,엘프,aelf,290.0,RISE,0.0034602076,293.0,287.0,1046941.46354062,303789186.69124913,1754148390332
USDT-ZRO,ZRO,USDT,TRADING,upbit,spot,现货,레이어제로,LayerZero,1.657,FALL,0.0405327157,1.755,1.657,6.89654269,11.63561483,1754148391031
BTC-LINK,LINK,BTC,TRADING,upbit,spot,现货,체인링크,Chainlink,0.00013975,RISE,0.0133420347,0.00014172,0.00013975,40.62115294,0.00568665,1754148390507
USDT-AHT,AHT,USDT,TRADING,upbit,spot,现货,아하토큰,AhaToken,0.003699,FALL,0.0436918304,0.00378,0.003699,12000.0,44.91278532,1754148391171
KRW-STEEM,STEEM,KRW,TRADING,upbit,spot,现货,스팀,Steem,182.0,FALL,0.0054644809,185.0,180.0,3292283.87312747,599180901.9187714,1754148390158
BTC-APE,APE,BTC,TRADING,upbit,spot,现货,에이프코인,ApeCoin,4.97e-06,FALL,0.0119284294,4.98e-06,4.79e-06,10062.09970322,0.04837131,1754148390823
USDT-EPT,EPT,USDT,TRADING,upbit,spot,现货,밸런스,Balance,0.003834,RISE,0.0218550107,0.003862,0.003834,306045.48645639,1226.16328574,1754148391468
BTC-CTC,CTC,BTC,TRADING,upbit,spot,现货,크레딧코인,Creditcoin,5.59e-06,EVEN,0.0,5.59e-06,5.59e-06,195.24252919,0.00109141,1754148390790
BTC-POKT,POKT,BTC,TRADING,upbit,spot,现货,포켓네트워크,Pocket Network,3.4e-07,EVEN,0.0,3.4e-07,3.4e-07,1002.67265073,0.00034091,1754148390954
BTC-APT,APT,BTC,TRADING,upbit,spot,现货,앱토스,Aptos,3.699e-05,RISE,0.0139802632,3.702e-05,3.676e-05,153.71912251,0.0056351,1754148390833
KRW-SOPH,SOPH,KRW,TRADING,upbit,spot,现货,소폰,Sophon,54.6,FALL,0.0108695652,59.4,54.0,594922373.5088879,33925967675.85053,1754148391441
KRW-MED,MED,KRW,TRADING,upbit,spot,现货,메디블록,MediBloc,7.78,FALL,0.0226130653,8.08,7.64,93964945.45928293,739339098.7511972,1754148390466
USDT-LA,LA,USDT,TRADING,upbit,spot,现货,라그랑주,Lagrange,0.4161,FALL,0.0054971319,0.4161,0.4161,953.20292462,396.62773693,1754045336741
KRW-1INCH,1INCH,KRW,TRADING,upbit,spot,现货,1인치네트워크,1inch Network,339.0,RISE,0.0029585799,344.0,333.0,867439.25926626,293495284.1690367,1754148390765
BTC-PUFFER,PUFFER,BTC,TRADING,upbit,spot,现货,퍼퍼,Puffer,1.75e-06,FALL,0.0384615385,1.86e-06,1.61e-06,251687.20439925,0.43951193,1754148391204
USDT-FORT,FORT,USDT,TRADING,upbit,spot,现货,포르타,Forta,0.06615,FALL,0.0912213216,0.06666,0.06615,645.62348782,42.87288065,1754123756522
BTC-AQT,AQT,BTC,TRADING,upbit,spot,现货,알파쿼크,Alpha Quark Token,1.021e-05,EVEN,0.0,1.021e-05,1.021e-05,121.10675808,0.0012365,1754086015626
KRW-MEW,MEW,KRW,TRADING,upbit,spot,现货,캣인어독스월드,cat in a dogs world,4.13,RISE,0.00486618,4.27,4.07,917965466.3041344,3805164201.0431395,1754148391146
BTC-SWELL,SWELL,BTC,TRADING,upbit,spot,现货,스웰네트워크,Swell Network,8e-08,EVEN,0.0,9e-08,7e-08,15155057.18393308,1.2128717,1754148391205
USDT-CKB,CKB,USDT,TRADING,upbit,spot,现货,너보스,Nervos Network,0.007347,EVEN,0.0,0.007347,0.005262,11786.52344644,62.22390105,1754148391117
KRW-ORBS,ORBS,KRW,TRADING,upbit,spot,现货,오브스,Orbs,25.6,FALL,0.0038910506,26.0,25.5,15385513.22929842,395190420.2230602,1754148390483
BTC-HIVE,HIVE,BTC,TRADING,upbit,spot,现货,하이브,Hive,1.86e-06,FALL,0.0106382979,1.86e-06,1.86e-06,140.76100072,0.00026182,1754148390501
BTC-SAFE,SAFE,BTC,TRADING,upbit,spot,现货,세이프,Safe,3.71e-06,FALL,0.0080213904,3.71e-06,3.71e-06,134.7735849,0.00050001,1754093336287
BTC-CRV,CRV,BTC,TRADING,upbit,spot,现货,커브,Curve,7.84e-06,RISE,0.0168612192,8.56e-06,7.71e-06,26087.89485609,0.20595853,1754148390569
BTC-CRO,CRO,BTC,TRADING,upbit,spot,现货,크로노스,Cronos,1.13e-06,FALL,0.0173913043,1.13e-06,1.13e-06,6254.94438615,0.00706809,1754148390379
USDT-FLOCK,FLOCK,USDT,TRADING,upbit,spot,现货,플록,FLock.io,0.1621,RISE,0.0037151703,0.2799,0.1475,1020.08996043,202.84885878,1754148391443
USDT-IO,IO,USDT,TRADING,upbit,spot,现货,아이오넷,io.net,0.6792,FALL,0.1559587424,0.6824,0.6792,80.00573274,54.4656538,1753892016351
USDT-ENA,ENA,USDT,TRADING,upbit,spot,现货,에테나,Ethena,0.5373,FALL,0.0678348369,0.7279,0.5232,856.61557934,486.60676787,1754148386600
KRW-RENDER,RENDER,KRW,TRADING,upbit,spot,现货,렌더토큰,Render Token,4878.0,FALL,0.0095431472,5025.0,4822.0,209036.54284508,1027122377.896193,1754148391202
USDT-KERNEL,KERNEL,USDT,TRADING,upbit,spot,现货,커널다오,KernelDAO,0.1855,FALL,0.0511508951,0.1855,0.1855,39.63199332,7.35173476,1754148391426
KRW-STG,STG,KRW,TRADING,upbit,spot,现货,스타게이트파이낸스,Stargate Finance,214.0,FALL,0.0092592593,218.0,213.0,3938788.72659813,849574849.3753941,1754148390981
KRW-ORCA,ORCA,KRW,TRADING,upbit,spot,现货,오르카,Orca,2916.0,FALL,0.0128639133,2990.0,2866.0,265937.73085469,779639735.3487455,1754148391350
USDT-XRP,XRP,USDT,TRADING,upbit,spot,现货,엑스알피(리플),XRP,2.9,FALL,0.0085470085,3.0,2.877,60047.16852176,178195.97404542,1754148390092
KRW-BERA,BERA,KRW,TRADING,upbit,spot,现货,베라체인,Berachain,2459.0,FALL,0.0128462465,2528.0,2434.0,553124.45428972,1373349077.1194022,1754148391302
BTC-AKT,AKT,BTC,TRADING,upbit,spot,现货,아카시네트워크,Akash Network,1.011e-05,FALL,0.1208695652,1.011e-05,1.011e-05,205.32647029,0.00207585,1754115356012
KRW-SIGN,SIGN,KRW,TRADING,upbit,spot,现货,사인,Sign,95.9,FALL,0.0010416667,97.5,94.2,6052495.90382034,580028012.323763,1754148391383
BTC-COW,COW,BTC,TRADING,upbit,spot,现货,카우프로토콜,CoW Protocol,3.75e-06,EVEN,0.0,3.75e-06,3.75e-06,50.0,0.0001875,1754047316574
BTC-ETC,ETC,BTC,TRADING,upbit,spot,现货,이더리움클래식,Ethereum Classic,0.00017437,EVEN,0.0,0.00017438,0.00017437,275.75443166,0.04808333,1754148390081
USDT-ALT,ALT,USDT,TRADING,upbit,spot,现货,알트레이어,Altlayer,0.03138,FALL,0.2420289855,0.04135,0.03102,2810.75015984,91.76179142,1754148391481
BTC-AVAX,AVAX,BTC,TRADING,upbit,spot,现货,아발란체,Avalanche,0.00018836,EVEN,0.0,0.00018836,0.00018836,18.18845731,0.00342598,1754148390802
USDT-BLAST,BLAST,USDT,TRADING,upbit,spot,现货,블라스트,Blast,0.003537,FALL,0.0095211425,0.003537,0.003537,202.45289907,0.7160759,1754148391042
USDT-OP,OP,USDT,TRADING,upbit,spot,现货,옵티미즘,Optimism,0.7744,RISE,0.2090554254,0.7744,0.7744,2.26736651,1.75584862,1754148386636
BTC-ETH,ETH,BTC,TRADING,upbit,spot,现货,이더리움,Ethereum,0.03088585,RISE,0.0091673724,0.03113969,0.03009946,96.51026598,2.9710863,1754148390080
BTC-NEO,NEO,BTC,TRADING,upbit,spot,现货,네오,NEO,5.007e-05,RISE,0.0094758065,5.007e-05,5.007e-05,32.18270564,0.00160999,1754148391021
USDT-OM,OM,USDT,TRADING,upbit,spot,现货,만트라,MANTRA,0.2277,FALL,0.110546875,0.2277,0.2277,24.81618146,5.65064452,1754148391424
USDT-PENGU,PENGU,USDT,TRADING,upbit,spot,现货,펏지펭귄,Pudgy Penguins,0.03439,RISE,0.0290245362,0.03512,0.03439,3515.47303174,120.94059933,1754148391403
BTC-UXLINK,UXLINK,BTC,TRADING,upbit,spot,现货,유엑스링크,UXLINK,2.83e-06,RISE,0.0143369176,2.84e-06,2.78e-06,4457.29543576,0.01263228,1754148391098
USDT-ETC,ETC,USDT,TRADING,upbit,spot,现货,이더리움클래식,Ethereum Classic,19.44,RISE,0.0253164557,20.82,19.23,271.59158683,5155.79121701,1754148390093
USDT-ETH,ETH,USDT,TRADING,upbit,spot,现货,이더리움,Ethereum,3505.83,RISE,0.010148072,3560.46,3449.0,74.6204658,262460.24582073,1754148390091
USDT-OMNI,OMNI,USDT,TRADING,upbit,spot,现货,옴니네트워크,Omni Network,4.295,FALL,0.1178886835,4.295,4.295,0.1629802,0.69999996,1754148390970
USDT-KAITO,KAITO,USDT,TRADING,upbit,spot,现货,카이토,KAITO,1.58,RISE,0.4107142857,1.58,1.58,3.25353736,3.85258903,1754148391342
USDT-NEO,NEO,USDT,TRADING,upbit,spot,现货,네오,NEO,7.019,RISE,0.2340014065,7.019,7.019,200.22508574,1141.41607583,1754148391022
USDT-COW,COW,USDT,TRADING,upbit,spot,现货,카우프로토콜,CoW Protocol,0.3474,FALL,0.0836190979,0.3474,0.3474,28.78526194,10.0,1754148391335
BTC-ALT,ALT,BTC,TRADING,upbit,spot,现货,알트레이어,Altlayer,2.8e-07,FALL,0.0344827586,2.9e-07,2.8e-07,3329.46819405,0.00095041,1754148390953
KRW-VANA,VANA,KRW,TRADING,upbit,spot,现货,바나,Vana,5780.0,RISE,0.0026019081,5860.0,5690.0,277321.70036115,1598962998.76501,1754148391240
USDT-VTHO,VTHO,USDT,TRADING,upbit,spot,现货,비토르토큰,VeThor Token,0.001802,FALL,0.0071625344,0.001992,0.001802,36845.31973012,66.95326266,1754148391253
KRW-DOT,DOT,KRW,TRADING,upbit,spot,现货,폴카닷,Polkadot,4975.0,RISE,0.005659996,5065.0,4903.0,747129.04188801,3706238120.7270923,1754148390591
USDT-AKT,AKT,USDT,TRADING,upbit,spot,现货,아카시네트워크,Akash Network,1.543,RISE,0.3382480486,1.543,1.135,256.59227888,293.89701577,1754148390963
USDT-RLY,RLY,USDT,TRADING,upbit,spot,现货,랠리,Rally,0.001231,FALL,0.1060275962,0.001381,0.001206,13525394.97735157,16545.10796869,1754148391414
BTC-TRX,TRX,BTC,TRADING,upbit,spot,现货,트론,TRON,2.85e-06,RISE,0.0070671378,2.95e-06,2.83e-06,22765.17582053,0.06517377,1754148390211
KRW-STRIKE,STRIKE,KRW,TRADING,upbit,spot,现货,스트라이크,Strike,15760.0,FALL,0.0494571773,17260.0,15400.0,6790350.06993388,111622256412.7843,1754148390696
BTC-FLOCK,FLOCK,BTC,TRADING,upbit,spot,现货,플록,FLock.io,1.44e-06,FALL,0.0136986301,1.5e-06,1.4e-06,195297.22691136,0.27892927,1754148391443
KRW-MBL,MBL,KRW,TRADING,upbit,spot,现货,무비블록,MovieBloc,3.14,RISE,0.0064102564,3.27,3.09,376080771.4071988,1187364431.5470448,1754148390442
BTC-ERA,ERA,BTC,TRADING,upbit,spot,现货,칼데라,Caldera,8.53e-06,FALL,0.0758396533,8.53e-06,8.53e-06,9.87795138,8.426e-05,1754148386611
BTC-MASK,MASK,BTC,TRADING,upbit,spot,现货,마스크네트워크,Mask Network,1.07e-05,RISE,0.0249042146,1.07e-05,1.07e-05,314.79466345,0.00341151,1754148390767
BTC-GAME2,GAME2,BTC,TRADING,upbit,spot,现货,게임빌드,GameBuild,4e-08,EVEN,0.0,4e-08,4e-08,21110.97256857,0.00084444,1753892016347
USDT-MOVE,MOVE,USDT,TRADING,upbit,spot,现货,무브먼트,Movement,0.1287,FALL,0.0205479452,0.1287,0.1287,543.9005439,70.0,1754148391216
USDT-ME,ME,USDT,TRADING,upbit,spot,现货,매직에덴,Magic Eden,0.7191,FALL,0.06318395,0.7192,0.7191,29.20123705,21.0,1754148391223
BTC-NCT,NCT,BTC,TRADING,upbit,spot,现货,폴리스웜,Polyswarm,2e-07,RISE,0.0526315789,2e-07,1.8e-07,1330361.60462368,0.25273583,1754148391197
USDT-NCT,NCT,USDT,TRADING,upbit,spot,现货,폴리스웜,Polyswarm,0.02159,RISE,0.0174363808,0.02899,0.02159,107.3797875,2.31832961,1753892016349
KRW-BIGTIME,BIGTIME,KRW,TRADING,upbit,spot,现货,빅타임,Big Time,79.4,FALL,0.0037641154,82.0,78.5,18701255.50999232,1492335600.5370865,1754148391104
USDT-ERA,ERA,USDT,TRADING,upbit,spot,现货,칼데라,Caldera,0.9444,FALL,0.0722986248,0.9444,0.9444,5.04033102,4.76008861,1754148386611
KRW-SNT,SNT,KRW,TRADING,upbit,spot,现货,스테이터스네트워크토큰,Status Network Token,38.0,FALL,0.0231362468,39.0,37.6,91673218.65613244,3527525901.334494,1754148390136
BTC-RLC,RLC,BTC,TRADING,upbit,spot,现货,아이젝,iEx.ec,8.11e-06,FALL,0.0252403846,8.16e-06,8.11e-06,1764.50524816,0.01465848,1754148390088
BTC-ZETA,ZETA,BTC,TRADING,upbit,spot,现货,제타체인,ZetaChain,1.58e-06,FALL,0.0650887574,1.58e-06,1.57e-06,34.095612,5.387e-05,1754126815993
KRW-SOL,SOL,KRW,TRADING,upbit,spot,现货,솔라나,Solana,229600.0,RISE,0.0118995152,230800.0,226000.0,462268.44886245,105590060341.77031,1754148390744
KRW-QKC,QKC,KRW,TRADING,upbit,spot,现货,쿼크체인,QuarkChain,10.1,FALL,0.0471698113,11.2,10.1,488995991.0612392,5199215497.407037,1754148390364
BTC-COMP,COMP,BTC,TRADING,upbit,spot,现货,컴파운드,Compound,0.00039148,RISE,0.024789927,0.00039148,0.00039148,4.25558126,0.0016273,1754148390559
BTC-RLY,RLY,BTC,TRADING,upbit,spot,现货,랠리,Rally,2e-08,EVEN,0.0,2e-08,1e-08,120629755.44950761,1.20659059,1754148390803
KRW-META,META,KRW,TRADING,upbit,spot,现货,메타디움,Metadium,29.9,FALL,0.0066445183,31.2,29.6,47635999.33572431,1445941693.146004,1754148390623
USDT-VANA,VANA,USDT,TRADING,upbit,spot,现货,바나,Vana,5.969,RISE,0.4178147268,5.969,5.969,0.1199658,0.71607586,1754148391241
USDT-SC,SC,USDT,TRADING,upbit,spot,现货,시아코인,Siacoin,0.00314,FALL,0.1882109617,0.003558,0.00314,10852.30317577,34.49960209,1754148390236
BTC-OP,OP,BTC,TRADING,upbit,spot,现货,옵티미즘,Optimism,5.57e-06,FALL,0.0716666667,5.71e-06,5.57e-06,17.95332136,0.0001,1754148386635
BTC-OM,OM,BTC,TRADING,upbit,spot,现货,만트라,MANTRA,2.06e-06,FALL,0.0418604651,2.06e-06,2.06e-06,409.74695233,0.0008638,1754148391423
BTC-AXL,AXL,BTC,TRADING,upbit,spot,现货,엑셀라,Axelar,2.88e-06,FALL,0.0237288136,2.93e-06,2.88e-06,2180.4906335,0.00627981,1754148390927
KRW-SAHARA,SAHARA,KRW,TRADING,upbit,spot,现货,사하라에이아이,Sahara AI,123.0,RISE,0.0695652174,126.0,113.0,344310680.74509513,41127720129.9015,1754148386564
BTC-ONDO,ONDO,BTC,TRADING,upbit,spot,现货,온도파이낸스,Ondo Finance,7.73e-06,EVEN,0.0,8.01e-06,7.73e-06,3454.80186191,0.02689872,1754148391021
KRW-MLK,MLK,KRW,TRADING,upbit,spot,现货,밀크,MiL.k,220.0,RISE,0.0328638498,223.0,212.8,6968852.63832183,1512648664.6584492,1754148390474
KRW-SXP,SXP,KRW,TRADING,upbit,spot,现货,솔라,SXP,246.0,FALL,0.0120481928,253.0,243.5,2961355.03769369,734130999.0850978,1754148390575
KRW-VTHO,VTHO,KRW,TRADING,upbit,spot,现货,비토르토큰,VeThor Token,2.56,RISE,0.0039215686,2.59,2.51,185740176.07316366,472821350.0690494,1754148391253
BTC-AXS,AXS,BTC,TRADING,upbit,spot,现货,엑시인피니티,Axie Infinity,1.93e-05,RISE,0.014188124,1.93e-05,1.93e-05,162.7833473,0.0031108,1754148390597
BTC-YGG,YGG,BTC,TRADING,upbit,spot,现货,일드길드게임즈,Yield Guild Games,1.31e-06,FALL,0.0223880597,1.36e-06,1.31e-06,56871.73933365,0.07474123,1754148390789
KRW-OMNI,OMNI,KRW,TRADING,upbit,spot,现货,옴니네트워크,Omni Network,5840.0,FALL,0.0378912685,6110.0,5740.0,5452072.17430395,33018978988.896202,1754148386648
USDT-SIGN,SIGN,USDT,TRADING,upbit,spot,现货,사인,Sign,0.0699,FALL,0.0189473684,0.07044,0.0699,304.03183771,21.25296978,1754121956412
KRW-MINA,MINA,KRW,TRADING,upbit,spot,现货,미나,Mina,249.0,FALL,0.004,254.0,246.0,2822322.57599498,704317293.2949631,1754148390926
BTC-WCT,WCT,BTC,TRADING,upbit,spot,现货,월렛커넥트,WalletConnect,2.67e-06,RISE,0.04296875,2.67e-06,2.57e-06,702.46349965,0.00182434,1754148391371
USDT-BERA,BERA,USDT,TRADING,upbit,spot,现货,베라체인,Berachain,2.467,RISE,0.3407608696,2.467,1.738,633.83647816,1136.26094063,1754148391303
KRW-GAS,GAS,KRW,TRADING,upbit,spot,现货,가스,GAS,4056.0,FALL,0.0036845984,4144.0,4012.0,384795.5136067,1568409107.697153,1754148390322
KRW-MNT,MNT,KRW,TRADING,upbit,spot,现货,맨틀,Mantle,969.0,FALL,0.0071721311,986.0,964.8,632960.16325081,617888794.9261751,1754148390957
KRW-MOC,MOC,KRW,TRADING,upbit,spot,现货,모스코인,Moss Coin,92.1,FALL,0.0096774194,97.4,91.0,23420277.78516697,2214944831.356606,1754148390378
USDT-SOPH,SOPH,USDT,TRADING,upbit,spot,现货,소폰,Sophon,0.05,RISE,0.3255567338,0.05,0.04,18.35694772,0.91784739,1754038796694
KRW-MOODENG,MOODENG,KRW,TRADING,upbit,spot,现货,무뎅,Moo Deng,223.0,FALL,0.0132743363,229.0,218.0,15020868.67275813,3368469925.387916,1754148386572
BTC-WAL,WAL,BTC,TRADING,upbit,spot,现货,월러스,Walrus,3.31e-06,FALL,0.0754189944,3.47e-06,3.31e-06,700.0,0.002398,1754148391356
KRW-XEC,XEC,KRW,TRADING,upbit,spot,现货,이캐시,eCash,0.0278,FALL,0.0106761566,0.0286,0.0276,25323529583.830196,711548817.8569889,1754148390731
BTC-AWE,AWE,BTC,TRADING,upbit,spot,现货,에이더블유이,AWE Network,4.4e-07,EVEN,0.0,4.5e-07,4.4e-07,1998.48243192,0.00088933,1754148390438
USDT-ORCA,ORCA,USDT,TRADING,upbit,spot,现货,오르카,Orca,2.13,FALL,0.0690559441,2.13,2.13,38.31097271,81.60237187,1754128076358
BTC-SAHARA,SAHARA,BTC,TRADING,upbit,spot,现货,사하라에이아이,Sahara AI,7.6e-07,RISE,0.0133333333,7.6e-07,7.2e-07,27359.33980129,0.02053389,1754148391510
BTC-KAVA,KAVA,BTC,TRADING,upbit,spot,现货,카바,Kava,3.33e-06,RISE,0.0214723926,3.37e-06,3.33e-06,46.48432867,0.00015555,1754148390516
BTC-SC,SC,BTC,TRADING,upbit,spot,现货,시아코인,Siacoin,2e-08,FALL,0.3333333333,3e-08,2e-08,952769.96725254,0.02757527,1754148390082
KRW-ZIL,ZIL,KRW,TRADING,upbit,spot,现货,질리카,Zilliqa,15.6,RISE,0.0196078431,17.1,15.1,291274192.8169665,4669906785.835078,1754148390259
USDT-TRX,TRX,USDT,TRADING,upbit,spot,现货,트론,TRON,0.3289,RISE,0.0082771306,0.3289,0.3205,15850.70524714,5166.04956116,1754148390237
BTC-ASTR,ASTR,BTC,TRADING,upbit,spot,现货,아스타,Astar,2e-07,EVEN,0.0,2e-07,2e-07,650.0,0.00013,1754148390850
KRW-GAME2,GAME2,KRW,TRADING,upbit,spot,现货,게임빌드,GameBuild,5.13,RISE,0.0239520958,5.46,4.99,1410220684.29653,7283418035.890287,1754148390437
KRW-STX,STX,KRW,TRADING,upbit,spot,现货,스택스,Stacks,946.0,FALL,0.0094240838,971.0,936.0,6668919.7455584,6369911303.113988,1754148390724
BTC-MAGIC,MAGIC,BTC,TRADING,upbit,spot,现货,매직,MAGIC,1.83e-06,RISE,0.1656050955,2.15e-06,1.55e-06,6689890.59615337,12.19627016,1754148390863
BTC-ATH,ATH,BTC,TRADING,upbit,spot,现货,에이셔,Aethir,2.9e-07,FALL,0.064516129,2.9e-07,2.9e-07,1603.20879966,0.00046493,1753922456243
USDT-RVN,RVN,USDT,TRADING,upbit,spot,现货,레이븐코인,Ravencoin,0.0143,RISE,0.0514705882,0.0143,0.01344,497.50984233,6.77443758,1754148390333
BTC-NMR,NMR,BTC,TRADING,upbit,spot,现货,뉴메레르,Numeraire,7.005e-05,FALL,0.0264072272,7.446e-05,7.005e-05,2051.94817138,0.14729394,1754148390084
KRW-BSV,BSV,KRW,TRADING,upbit,spot,现货,비트코인에스브이,Bitcoin SV,36240.0,EVEN,0.0,36700.0,35800.0,42561.30692176,1542040805.7813942,1754148390349
KRW-SUI,SUI,KRW,TRADING,upbit,spot,现货,수이,Sui,4786.0,FALL,0.0070539419,4928.0,4726.0,7442387.96570782,36071390859.45641,1754148390889
BTC-ATM,ATM,BTC,TRADING,upbit,spot,现货,아틀레티코마드리드,Atletico De Madrid Fan Token,1.251e-05,FALL,0.0126282557,1.381e-05,1.24e-05,14306.71882529,0.18282403,1754148390835
KRW-SYRUP,SYRUP,KRW,TRADING,upbit,spot,现货,메이플파이낸스,Maple Finance,561.0,FALL,0.0523648649,601.0,555.0,18399746.51961347,10726795940.8231,1754148386622
BTC-STRIKE,STRIKE,BTC,TRADING,upbit,spot,现货,스트라이크,Strike,0.00010772,RISE,0.0013944408,0.00010772,9.85e-05,183.36702164,0.01910238,1754148390679
KRW-BTC,BTC,KRW,TRADING,upbit,spot,现货,비트코인,Bitcoin,158867000.0,RISE,0.0048386485,159362000.0,158000000.0,1575.98219295,250170499573.58698,1754148390066
BTC-TT,TT,BTC,TRADING,upbit,spot,现货,썬더코어,ThunderCore,2e-08,EVEN,0.0,3e-08,2e-08,277847.70154658,0.00555695,1753968296190
BTC-RVN,RVN,BTC,TRADING,upbit,spot,现货,레이븐코인,Ravencoin,1.1e-07,FALL,0.0833333333,1.2e-07,1.1e-07,563657.62835108,0.06684832,1754148390309
BTC-HBD,HBD,BTC,TRADING,upbit,spot,现货,하이브달러,Hive Dollar,8.6e-06,EVEN,0.0,8.6e-06,8.1e-06,109.58658964,0.00090871,1754148390501
BTC-MANA,MANA,BTC,TRADING,upbit,spot,现货,디센트럴랜드,Decentraland,2.37e-06,FALL,0.04048583,2.37e-06,2.37e-06,100.0,0.000237,1754121955200
KRW-ONG,ONG,KRW,TRADING,upbit,spot,现货,온톨로지가스,ONG,234.0,FALL,0.0126582278,242.0,233.0,1489062.22452036,353311014.525783,1754148390314
KRW-BTT,BTT,KRW,TRADING,upbit,spot,现货,비트토렌트,BitTorrent,0.000915,FALL,0.0075921909,0.000931,0.000914,1280209472316.25,1180702390.461676,1754148390372
BTC-OCEAN,OCEAN,BTC,TRADING,upbit,spot,现货,오션프로토콜,Ocean Protocol,2.75e-06,FALL,0.0213523132,3.09e-06,2.71e-06,34281.395192,0.09755101,1754148390790
BTC-PSG,PSG,BTC,TRADING,upbit,spot,现货,파리생제르맹,Paris Saint-Germain Fan Token,1.443e-05,RISE,0.0219546742,1.468e-05,1.425e-05,4030.02227819,0.05828357,1754148390641
BTC-PYTH,PYTH,BTC,TRADING,upbit,spot,现货,피스네트워크,Pyth Network,9.7e-07,EVEN,0.0,9.7e-07,9.7e-07,372.29575758,0.00036056,1754148390953
USDT-SOON,SOON,USDT,TRADING,upbit,spot,现货,쑨,SOON,0.1461,FALL,0.0568108457,0.1555,0.1399,10952.37862957,1677.58402309,1754148391428
BTC-POL,POL,BTC,TRADING,upbit,spot,现货,폴리곤에코시스템토큰,Polygon Ecosystem Token,1.72e-06,EVEN,0.0,1.74e-06,1.72e-06,2597.66398212,0.0045164,1754148390753
KRW-ONT,ONT,KRW,TRADING,upbit,spot,现货,온톨로지,Ontology,182.0,FALL,0.0054644809,186.0,180.0,1783081.11793366,324389366.00837296,1754148390253
USDT-BABY,BABY,USDT,TRADING,upbit,spot,现货,바빌론,Babylon,0.05602,RISE,0.0003571429,0.05624,0.05602,12896.6328089,722.46936995,1754091656726
BTC-CVC,CVC,BTC,TRADING,upbit,spot,现货,시빅,Civic,8.1e-07,FALL,0.012195122,8.1e-07,8.1e-07,362.0,0.00029322,1754111755070
BTC-NKN,NKN,BTC,TRADING,upbit,spot,现货,엔케이엔,NKN,2.2e-07,FALL,0.0434782609,2.3e-07,2.2e-07,20805.49182884,0.00475948,1754148390373
BTC-RSR,RSR,BTC,TRADING,upbit,spot,现货,리저브라이트,Reserve Rights,7e-08,RISE,0.1666666667,7e-08,6e-08,35522.80173206,0.00224458,1754148390570
KRW-DEEP,DEEP,KRW,TRADING,upbit,spot,现货,딥북,DeepBook,183.0,FALL,0.0418848168,193.0,179.0,10071414.15363329,1903549449.932567,1754148391379
BTC-ARB,ARB,BTC,TRADING,upbit,spot,现货,아비트럼,Arbitrum,3.18e-06,FALL,0.0245398773,3.27e-06,3.18e-06,2075.15333615,0.00671445,1754148390873
BTC-AERGO,AERGO,BTC,TRADING,upbit,spot,现货,아르고,Aergo,9.9e-07,RISE,0.0102040816,9.9e-07,9.9e-07,298.3293556,0.00029535,1754148390410
USDT-DEEP,DEEP,USDT,TRADING,upbit,spot,现货,딥북,DeepBook,0.1445,FALL,0.0543193717,0.1445,0.1445,0.4064045,0.05872545,1754095616609
BTC-ARK,ARK,BTC,TRADING,upbit,spot,现货,아크,Ark,3.64e-06,FALL,0.0135501355,3.69e-06,3.64e-06,380.53285274,0.00138514,1754125375085
KRW-STRAX,STRAX,KRW,TRADING,upbit,spot,现货,스트라티스,Stratis,64.6,FALL,0.0122324159,65.8,64.1,26979636.3723324,1756763760.5514,1754148390603
BTC-STORJ,STORJ,BTC,TRADING,upbit,spot,现货,스토리지,Storj,2.29e-06,EVEN,0.0,2.29e-06,2.29e-06,402.11738351,0.00092085,1754148390087
BTC-BLAST,BLAST,BTC,TRADING,upbit,spot,现货,블라스트,Blast,2e-08,EVEN,0.0,2e-08,2e-08,3613.317757,7.227e-05,1754099876103
USDT-BRETT,BRETT,USDT,TRADING,upbit,spot,现货,브렛,Brett,0.04813,FALL,0.0981824995,0.05337,0.04749,3338707.827415,166300.82874786,1754148391082
BTC-META,META,BTC,TRADING,upbit,spot,现货,메타디움,Metadium,1.9e-07,FALL,0.05,1.9e-07,1.9e-07,1891.52410779,0.00035939,1754148390374
USDT-SYRUP,SYRUP,USDT,TRADING,upbit,spot,现货,메이플파이낸스,Maple Finance,0.4003,FALL,0.04417383,0.4188,0.4003,120.39391192,50.40237444,1754148386623
BTC-DENT,DENT,BTC,TRADING,upbit,spot,现货,덴트,Dent,1e-08,EVEN,0.0,1e-08,1e-08,860568.4339152,0.00860568,1754148390356
KRW-ICX,ICX,KRW,TRADING,upbit,spot,现货,아이콘,Icon,176.0,FALL,0.0112359551,180.0,175.0,2120272.47243333,374755617.813187,1754148390214
KRW-POLYX,POLYX,KRW,TRADING,upbit,spot,现货,폴리매쉬,Polymesh,184.0,EVEN,0.0,187.0,181.0,4847987.82035368,895184179.5385717,1754148390264
